Drug Name,Manufacturer,Dosage Form,Strength,Package Size,Units Sold,Revenue,Sale Date,Region,Customer Type
Drug B,Company W,Tablet,100 mg/ml,50 g,1500,43833.0,2024-02-07,South America,Clinics
Drug B,Company X,Cream,500 mg,100 ml,1194,48717.0,2023-08-08,South America,Clinics
Drug E,Company X,Capsule,50 mg,60,618,8744.0,2024-06-15,Africa,Hospitals
Drug E,Company X,Injection,10 mg,100 ml,1455,25321.0,2024-07-15,Asia,Pharmacy
Drug C,Company V,Tablet,100 mg/ml,50 g,130,13669.0,2023-08-13,South America,Clinics
Drug B,Company V,Capsule,100 mg/ml,10 ml,619,7552.0,2023-12-05,Europe,Hospitals
Drug C,Company X,Cream,500 mg,30,1779,48563.0,2023-08-08,North America,Hospitals
Drug B,Company X,Tablet,500 mg,10 ml,1727,13672.0,2023-12-30,Asia,Online Pharmacy
Drug A,Company V,Capsule,500 mg,50 g,451,45835.0,2023-11-14,Asia,Supermarkets
Drug C,Company X,Cream,10 mg,10 ml,1006,31716.0,2024-05-23,Asia,Supermarkets
Drug C,Company Y,Capsule,50 mg,100 ml,1633,33931.0,2024-05-18,Europe,Pharmacy
Drug A,Company Z,Cream,50 mg,30,128,35258.0,2023-11-08,North America,Online Pharmacy
Drug C,Company V,Injection,500 mg,10 ml,504,36459.0,2023-08-19,Europe,Pharmacy
Drug E,Company V,Cream,500 mg,100 ml,216,32152.0,2024-07-08,Europe,Pharmacy
Drug E,Company V,Injection,10 mg,10 ml,1986,13538.0,2023-12-03,Europe,Pharmacy
Drug A,Company W,Cream,50 mg,30,1977,9566.0,2024-07-13,Africa,Online Pharmacy
Drug A,Company V,Tablet,100 mg/ml,50 g,1320,29932.0,2023-08-22,North America,Clinics
Drug E,Company W,Cream,10 mg,30,1766,45608.0,2024-02-27,South America,Pharmacy
Drug B,Company X,Syrup,100 mg/ml,60,1078,42394.0,2024-01-12,South America,Online Pharmacy
Drug C,Company X,Injection,500 mg,60,783,48016.0,2024-01-24,Asia,Clinics
Drug E,Company X,Capsule,100 mg/ml,60,1161,11048.0,2024-01-08,Europe,Clinics
Drug A,Company X,Capsule,50 mg,50 g,1820,16952.0,2024-03-15,Africa,Hospitals
Drug D,Company V,Tablet,50 mg,60,147,28543.0,2024-05-25,Africa,Hospitals
Drug B,Company Z,Capsule,250 mg,60,990,5766.0,2023-09-03,North America,Online Pharmacy
Drug B,Company Z,Injection,500 mg,60,223,23153.0,2024-03-20,Asia,Online Pharmacy
Drug D,Company Z,Syrup,250 mg,50 g,855,22920.0,2024-01-22,South America,Supermarkets
Drug C,Company X,Cream,50 mg,100 ml,968,6595.0,2023-12-04,Africa,Hospitals
Drug B,Company W,Cream,10 mg,10 ml,1378,37523.0,2023-12-11,South America,Online Pharmacy
Drug B,Company Z,Tablet,500 mg,100 ml,1473,23815.0,2024-07-22,South America,Supermarkets
Drug C,Company X,Capsule,250 mg,100 ml,791,40754.0,2024-05-05,Africa,Hospitals
Drug C,Company V,Tablet,10 mg,50 g,1523,35645.0,2023-10-12,South America,Clinics
Drug E,Company W,Cream,250 mg,50 g,1214,1820.0,2024-03-08,South America,Online Pharmacy
Drug C,Company V,Injection,250 mg,60,440,13578.0,2024-06-27,Asia,Hospitals
Drug D,Company Y,Syrup,10 mg,60,1574,47682.0,2024-04-14,Africa,Supermarkets
Drug A,Company W,Cream,250 mg,50 g,1880,41604.0,2024-01-04,North America,Pharmacy
Drug E,Company Z,Tablet,100 mg/ml,10 ml,383,21024.0,2024-01-07,South America,Hospitals
Drug E,Company Y,Injection,10 mg,10 ml,253,18363.0,2024-06-16,South America,Online Pharmacy
Drug C,Company Y,Syrup,100 mg/ml,30,1818,2347.0,2024-01-29,Africa,Online Pharmacy
Drug E,Company Z,Tablet,250 mg,50 g,1351,41781.0,2023-10-02,Asia,Clinics
Drug B,Company Y,Syrup,50 mg,10 ml,1904,34028.0,2023-09-06,Africa,Hospitals
Drug B,Company W,Injection,100 mg/ml,10 ml,1954,6369.0,2023-09-12,Africa,Supermarkets
Drug A,Company V,Capsule,100 mg/ml,60,1042,18788.0,2023-10-30,Europe,Clinics
Drug D,Company V,Cream,250 mg,10 ml,1564,22868.0,2023-09-21,South America,Supermarkets
Drug C,Company Y,Syrup,100 mg/ml,100 ml,1741,16211.0,2024-04-08,Africa,Clinics
Drug C,Company V,Syrup,250 mg,50 g,565,32496.0,2023-11-07,South America,Supermarkets
Drug C,Company V,Capsule,500 mg,50 g,293,40588.0,2024-05-21,North America,Supermarkets
Drug E,Company Y,Capsule,500 mg,10 ml,1032,23173.0,2024-02-04,Africa,Supermarkets
Drug A,Company Z,Capsule,250 mg,10 ml,1315,3801.0,2023-12-27,South America,Clinics
Drug B,Company X,Syrup,100 mg/ml,60,1499,18175.0,2023-08-21,Europe,Pharmacy
Drug B,Company Z,Capsule,250 mg,50 g,1427,1053.0,2024-07-25,Europe,Clinics
Drug A,Company V,Syrup,500 mg,60,1044,29042.0,2023-11-12,North America,Hospitals
Drug B,Company W,Cream,10 mg,60,257,28677.0,2023-12-08,Africa,Online Pharmacy
Drug A,Company V,Capsule,50 mg,30,1768,40547.0,2023-12-03,Africa,Hospitals
Drug B,Company X,Syrup,250 mg,50 g,654,16542.0,2023-11-13,Asia,Hospitals
Drug C,Company Z,Tablet,100 mg/ml,60,1137,33706.0,2024-07-17,North America,Hospitals
Drug E,Company X,Capsule,10 mg,30,739,38821.0,2023-12-08,South America,Pharmacy
Drug A,Company X,Capsule,10 mg,100 ml,1610,5779.0,2023-09-29,North America,Pharmacy
Drug D,Company V,Syrup,500 mg,60,1703,7678.0,2024-02-02,Africa,Hospitals
Drug B,Company Y,Cream,250 mg,60,1639,15878.0,2023-09-15,Europe,Pharmacy
Drug B,Company W,Capsule,10 mg,100 ml,1219,48415.0,2024-03-28,South America,Supermarkets
Drug A,Company X,Syrup,50 mg,100 ml,871,41051.0,2024-01-01,Asia,Hospitals
Drug C,Company W,Cream,250 mg,50 g,995,17900.0,2024-02-08,South America,Online Pharmacy
Drug B,Company X,Injection,250 mg,30,1446,37654.0,2023-11-30,Africa,Hospitals
Drug B,Company X,Tablet,10 mg,60,1269,22319.0,2023-11-20,North America,Online Pharmacy
Drug A,Company W,Syrup,50 mg,10 ml,1232,19247.0,2024-03-26,Europe,Hospitals
Drug A,Company X,Tablet,50 mg,30,814,25411.0,2023-12-23,South America,Online Pharmacy
Drug B,Company V,Syrup,10 mg,100 ml,157,3809.0,2024-04-23,South America,Supermarkets
Drug A,Company Y,Syrup,10 mg,30,272,39524.0,2024-07-09,South America,Pharmacy
Drug B,Company W,Cream,500 mg,50 g,1222,19740.0,2023-11-18,South America,Pharmacy
Drug D,Company X,Capsule,250 mg,10 ml,151,18797.0,2024-02-10,Europe,Hospitals
Drug D,Company V,Capsule,500 mg,10 ml,798,23785.0,2024-07-03,South America,Online Pharmacy
Drug A,Company W,Injection,50 mg,10 ml,310,31204.0,2023-08-19,South America,Online Pharmacy
Drug B,Company X,Tablet,50 mg,10 ml,1280,45096.0,2024-06-19,Europe,Online Pharmacy
Drug C,Company V,Syrup,100 mg/ml,50 g,1776,30640.0,2024-06-14,Europe,Pharmacy
Drug E,Company Y,Cream,500 mg,30,784,25665.0,2024-05-05,South America,Hospitals
Drug A,Company Y,Injection,250 mg,60,1936,40605.0,2023-11-29,Africa,Online Pharmacy
Drug D,Company V,Cream,10 mg,50 g,1675,29315.0,2023-11-07,Africa,Pharmacy
Drug E,Company X,Capsule,500 mg,100 ml,906,10256.0,2023-08-21,South America,Online Pharmacy
Drug C,Company X,Cream,10 mg,60,873,44797.0,2023-09-23,North America,Hospitals
Drug C,Company V,Cream,250 mg,30,1227,37132.0,2024-05-09,South America,Pharmacy
Drug C,Company Y,Capsule,500 mg,30,1921,8234.0,2023-07-29,South America,Pharmacy
Drug A,Company Z,Syrup,500 mg,10 ml,1907,11906.0,2024-04-05,Asia,Online Pharmacy
Drug D,Company Y,Cream,10 mg,60,1766,36835.0,2024-03-17,Africa,Pharmacy
Drug A,Company X,Syrup,250 mg,60,793,45468.0,2023-11-26,Africa,Hospitals
Drug A,Company W,Cream,50 mg,100 ml,1738,22945.0,2024-02-21,South America,Supermarkets
Drug C,Company Z,Tablet,250 mg,100 ml,1088,46398.0,2024-07-08,South America,Online Pharmacy
Drug C,Company W,Injection,250 mg,100 ml,643,1303.0,2024-06-09,Africa,Hospitals
Drug D,Company X,Syrup,250 mg,10 ml,1498,33259.0,2024-07-27,South America,Hospitals
Drug E,Company V,Injection,250 mg,30,1558,8553.0,2023-12-15,Asia,Hospitals
Drug D,Company Y,Capsule,50 mg,30,1423,28304.0,2023-12-27,Asia,Online Pharmacy
Drug D,Company V,Capsule,100 mg/ml,10 ml,1777,33795.0,2024-02-11,South America,Pharmacy
Drug E,Company V,Tablet,250 mg,100 ml,1908,34115.0,2023-11-03,Asia,Clinics
Drug C,Company X,Capsule,10 mg,100 ml,1291,30051.0,2024-01-07,Europe,Pharmacy
Drug A,Company V,Tablet,50 mg,10 ml,1702,29950.0,2023-08-13,South America,Pharmacy
Drug E,Company Z,Injection,500 mg,60,1367,30714.0,2024-04-13,Africa,Pharmacy
Drug D,Company V,Tablet,100 mg/ml,30,1583,45689.0,2023-08-27,Asia,Supermarkets
Drug E,Company V,Capsule,500 mg,100 ml,848,35016.0,2024-03-15,South America,Supermarkets
Drug B,Company Y,Syrup,10 mg,100 ml,1886,11515.0,2024-06-10,North America,Supermarkets
Drug D,Company V,Tablet,250 mg,50 g,1391,49897.0,2023-09-17,South America,Supermarkets
Drug C,Company Z,Injection,250 mg,60,536,12572.0,2023-10-07,Africa,Online Pharmacy
Drug B,Company Z,Injection,500 mg,60,1999,40809.0,2024-03-16,South America,Pharmacy
Drug D,Company Z,Tablet,250 mg,10 ml,1192,39757.0,2024-07-20,Africa,Clinics
Drug D,Company W,Cream,250 mg,50 g,846,2237.0,2023-10-06,North America,Pharmacy
Drug A,Company X,Injection,500 mg,10 ml,731,35093.0,2023-10-23,Africa,Pharmacy
Drug A,Company W,Tablet,100 mg/ml,30,1943,44592.0,2024-05-19,Asia,Pharmacy
Drug A,Company Y,Capsule,100 mg/ml,60,1017,29700.0,2023-10-18,Asia,Hospitals
Drug A,Company X,Cream,500 mg,10 ml,929,37018.0,2024-07-23,North America,Clinics
Drug D,Company Z,Capsule,10 mg,60,811,44885.0,2023-11-20,South America,Online Pharmacy
Drug E,Company Y,Syrup,500 mg,60,820,14086.0,2024-01-31,Africa,Online Pharmacy
Drug A,Company X,Syrup,100 mg/ml,60,698,27380.0,2024-07-26,Africa,Online Pharmacy
Drug C,Company Y,Capsule,250 mg,10 ml,679,35477.0,2024-07-02,South America,Supermarkets
Drug C,Company V,Capsule,10 mg,50 g,1225,47265.0,2023-12-24,South America,Pharmacy
Drug B,Company W,Syrup,250 mg,60,1913,37244.0,2023-12-06,Africa,Hospitals
Drug B,Company W,Tablet,100 mg/ml,10 ml,1381,43046.0,2024-07-28,Europe,Online Pharmacy
Drug A,Company W,Injection,100 mg/ml,50 g,939,37589.0,2023-12-02,Asia,Supermarkets
Drug B,Company Z,Injection,10 mg,10 ml,472,7516.0,2024-02-06,South America,Online Pharmacy
Drug C,Company Y,Syrup,100 mg/ml,100 ml,405,19413.0,2024-03-05,Asia,Online Pharmacy
Drug E,Company Z,Cream,50 mg,10 ml,383,9225.0,2023-10-21,North America,Online Pharmacy
Drug C,Company Z,Syrup,100 mg/ml,10 ml,1863,35677.0,2024-03-11,South America,Hospitals
Drug E,Company V,Syrup,10 mg,100 ml,469,9657.0,2024-07-15,South America,Clinics
Drug A,Company Y,Injection,50 mg,50 g,1296,14169.0,2024-02-22,Europe,Hospitals
Drug D,Company V,Tablet,250 mg,60,1350,24407.0,2024-05-13,South America,Hospitals
Drug B,Company V,Tablet,10 mg,50 g,930,3721.0,2024-02-11,Europe,Online Pharmacy
Drug C,Company V,Capsule,10 mg,10 ml,1185,43131.0,2024-03-03,Asia,Clinics
Drug E,Company V,Capsule,50 mg,60,179,37526.0,2023-10-20,South America,Supermarkets
Drug B,Company Y,Injection,10 mg,30,1859,27781.0,2024-01-09,South America,Pharmacy
Drug D,Company V,Capsule,50 mg,60,1089,6993.0,2023-09-16,Africa,Online Pharmacy
Drug A,Company Y,Tablet,10 mg,10 ml,1428,38657.0,2023-10-09,Africa,Online Pharmacy
Drug A,Company X,Syrup,500 mg,10 ml,431,42644.0,2024-02-11,Africa,Supermarkets
Drug B,Company Z,Capsule,50 mg,50 g,1670,44138.0,2024-03-10,Africa,Hospitals
Drug D,Company Y,Tablet,100 mg/ml,100 ml,206,5211.0,2024-05-05,North America,Hospitals
Drug A,Company X,Cream,100 mg/ml,100 ml,1499,42504.0,2023-11-02,South America,Pharmacy
Drug B,Company X,Cream,500 mg,60,1503,24284.0,2024-06-14,North America,Online Pharmacy
Drug A,Company Z,Syrup,250 mg,60,1473,49653.0,2023-09-23,North America,Online Pharmacy
Drug D,Company V,Capsule,100 mg/ml,10 ml,1294,14645.0,2024-06-15,South America,Pharmacy
Drug E,Company Y,Syrup,500 mg,100 ml,1337,21269.0,2024-01-13,Europe,Clinics
Drug B,Company X,Tablet,100 mg/ml,50 g,580,15529.0,2024-07-18,South America,Hospitals
Drug D,Company V,Tablet,500 mg,60,1872,30435.0,2023-08-12,Africa,Pharmacy
Drug A,Company W,Capsule,500 mg,10 ml,532,28042.0,2023-08-05,South America,Clinics
Drug A,Company Z,Tablet,100 mg/ml,100 ml,181,32650.0,2024-05-18,North America,Supermarkets
Drug B,Company V,Capsule,500 mg,10 ml,422,32388.0,2023-12-02,Europe,Online Pharmacy
Drug D,Company V,Cream,500 mg,100 ml,892,9396.0,2023-12-14,South America,Clinics
Drug A,Company X,Cream,250 mg,30,1964,11786.0,2024-05-21,Asia,Supermarkets
Drug C,Company Z,Tablet,250 mg,30,1698,19170.0,2023-07-29,Europe,Pharmacy
Drug B,Company X,Cream,500 mg,60,1222,28574.0,2023-12-19,North America,Clinics
Drug B,Company V,Syrup,50 mg,10 ml,604,38185.0,2024-03-10,South America,Supermarkets
Drug E,Company Z,Cream,250 mg,50 g,1811,42397.0,2023-08-08,Asia,Online Pharmacy
Drug C,Company Y,Injection,250 mg,60,560,42407.0,2024-05-14,Europe,Pharmacy
Drug C,Company X,Tablet,250 mg,10 ml,862,49311.0,2024-03-25,Europe,Online Pharmacy
Drug E,Company Z,Tablet,500 mg,50 g,1017,21123.0,2024-03-14,Africa,Clinics
Drug C,Company W,Cream,250 mg,30,1468,32204.0,2024-03-27,South America,Online Pharmacy
Drug E,Company W,Syrup,10 mg,30,1647,21201.0,2024-02-08,North America,Clinics
Drug A,Company V,Tablet,250 mg,30,254,43256.0,2023-08-31,Africa,Pharmacy
Drug D,Company Z,Syrup,50 mg,10 ml,1661,8678.0,2024-04-06,Africa,Clinics
Drug B,Company Y,Syrup,10 mg,100 ml,1446,49381.0,2024-03-16,Asia,Supermarkets
Drug D,Company V,Syrup,10 mg,100 ml,936,48645.0,2023-07-29,Asia,Supermarkets
Drug B,Company W,Injection,500 mg,30,1623,21818.0,2024-05-14,South America,Pharmacy
Drug A,Company V,Cream,50 mg,30,1318,7513.0,2024-07-03,South America,Supermarkets
Drug C,Company V,Injection,100 mg/ml,30,123,4294.0,2024-01-09,Asia,Hospitals
Drug D,Company Y,Tablet,50 mg,30,1466,24941.0,2024-07-22,Africa,Supermarkets
Drug D,Company Z,Cream,50 mg,60,390,46339.0,2023-08-10,Africa,Clinics
Drug C,Company V,Syrup,250 mg,50 g,1586,9800.0,2024-05-13,Asia,Supermarkets
Drug D,Company Y,Syrup,500 mg,10 ml,739,48204.0,2024-02-06,North America,Pharmacy
Drug C,Company Y,Capsule,10 mg,10 ml,1267,19752.0,2024-04-18,Europe,Online Pharmacy
Drug C,Company V,Tablet,250 mg,30,1834,37074.0,2024-07-12,Asia,Online Pharmacy
Drug A,Company Y,Cream,250 mg,10 ml,667,7794.0,2024-04-02,Africa,Hospitals
Drug D,Company Z,Injection,10 mg,60,1360,33904.0,2023-08-30,Africa,Pharmacy
Drug E,Company X,Tablet,50 mg,60,1124,15758.0,2023-11-01,North America,Pharmacy
Drug E,Company W,Tablet,250 mg,60,236,46906.0,2023-08-26,Europe,Hospitals
Drug C,Company X,Tablet,50 mg,60,1134,13081.0,2024-03-17,Africa,Clinics
Drug C,Company Z,Injection,250 mg,100 ml,1262,23680.0,2023-08-05,Africa,Supermarkets
Drug B,Company Z,Capsule,100 mg/ml,10 ml,153,19965.0,2023-10-10,North America,Pharmacy
Drug A,Company W,Injection,500 mg,50 g,1159,49694.0,2024-04-29,South America,Supermarkets
Drug E,Company Z,Injection,500 mg,30,575,42355.0,2023-08-18,South America,Pharmacy
Drug A,Company X,Capsule,250 mg,60,189,45637.0,2023-08-04,Africa,Pharmacy
Drug E,Company W,Capsule,250 mg,60,1132,46407.0,2024-01-12,Europe,Clinics
Drug C,Company X,Injection,100 mg/ml,100 ml,411,37320.0,2024-05-19,North America,Clinics
Drug D,Company Z,Syrup,50 mg,100 ml,165,26575.0,2023-12-13,South America,Pharmacy
Drug A,Company Y,Injection,100 mg/ml,100 ml,1178,33005.0,2023-09-15,Europe,Supermarkets
Drug C,Company Y,Tablet,100 mg/ml,100 ml,526,43392.0,2024-01-10,Africa,Supermarkets
Drug D,Company Y,Syrup,250 mg,100 ml,1084,34603.0,2023-11-20,South America,Pharmacy
Drug D,Company Y,Capsule,50 mg,50 g,574,27787.0,2023-09-26,North America,Pharmacy
Drug A,Company Y,Tablet,100 mg/ml,100 ml,1915,41152.0,2023-11-18,North America,Online Pharmacy
Drug E,Company V,Cream,50 mg,100 ml,686,47207.0,2024-05-08,South America,Hospitals
Drug C,Company V,Injection,100 mg/ml,10 ml,489,31891.0,2024-07-08,South America,Supermarkets
Drug A,Company Y,Syrup,500 mg,60,1995,25257.0,2023-11-23,South America,Pharmacy
Drug E,Company X,Syrup,500 mg,100 ml,1454,28319.0,2024-04-26,Asia,Clinics
Drug C,Company W,Tablet,10 mg,10 ml,221,20149.0,2023-09-16,Europe,Pharmacy
Drug B,Company W,Tablet,100 mg/ml,100 ml,449,20979.0,2024-01-12,Europe,Pharmacy
Drug B,Company Z,Injection,500 mg,60,1180,24090.0,2024-03-06,South America,Supermarkets
Drug A,Company W,Tablet,50 mg,30,898,10545.0,2023-08-21,Asia,Pharmacy
Drug A,Company W,Cream,10 mg,60,967,37020.0,2024-05-10,Asia,Supermarkets
Drug A,Company W,Injection,50 mg,60,909,12714.0,2024-02-18,Africa,Online Pharmacy
Drug A,Company Z,Capsule,100 mg/ml,100 ml,654,8859.0,2023-12-01,Asia,Hospitals
Drug C,Company V,Injection,500 mg,30,883,14721.0,2023-09-24,South America,Clinics
Drug B,Company W,Cream,100 mg/ml,100 ml,565,4821.0,2024-01-30,Europe,Clinics
Drug B,Company V,Capsule,250 mg,50 g,933,26268.0,2024-05-07,North America,Hospitals
Drug C,Company W,Injection,100 mg/ml,10 ml,1793,12451.0,2024-06-24,Africa,Online Pharmacy
Drug E,Company V,Syrup,500 mg,100 ml,697,19171.0,2024-02-25,Asia,Pharmacy
Drug D,Company V,Cream,250 mg,30,379,45953.0,2023-11-01,Asia,Supermarkets
Drug D,Company Y,Injection,10 mg,60,1640,18487.0,2023-10-05,South America,Clinics
Drug C,Company X,Syrup,500 mg,10 ml,244,29056.0,2024-01-07,Asia,Supermarkets
Drug C,Company Z,Tablet,10 mg,60,482,4566.0,2023-09-30,Asia,Online Pharmacy
Drug B,Company Y,Injection,500 mg,60,982,5040.0,2023-12-30,Asia,Hospitals
Drug D,Company X,Tablet,100 mg/ml,100 ml,401,33003.0,2023-11-10,Asia,Hospitals
Drug C,Company X,Capsule,100 mg/ml,60,1315,13838.0,2024-02-07,South America,Clinics
Drug B,Company W,Capsule,500 mg,10 ml,1986,21856.0,2024-01-15,South America,Pharmacy
Drug A,Company W,Cream,10 mg,100 ml,626,41156.0,2023-11-23,North America,Pharmacy
Drug D,Company V,Tablet,50 mg,30,817,41978.0,2023-10-24,Europe,Clinics
Drug A,Company W,Syrup,50 mg,10 ml,1540,46616.0,2024-05-12,Europe,Clinics
Drug B,Company Y,Cream,50 mg,60,1352,9133.0,2024-01-11,Africa,Supermarkets
Drug C,Company X,Injection,100 mg/ml,10 ml,428,26054.0,2023-09-10,Asia,Pharmacy
Drug D,Company Z,Injection,250 mg,60,1934,41356.0,2024-04-21,South America,Hospitals
Drug C,Company Z,Capsule,10 mg,50 g,1826,2719.0,2024-01-06,South America,Supermarkets
Drug E,Company Z,Tablet,50 mg,10 ml,594,11887.0,2023-08-28,Africa,Online Pharmacy
Drug D,Company W,Injection,250 mg,50 g,105,36153.0,2024-07-26,Europe,Pharmacy
Drug C,Company W,Tablet,250 mg,50 g,1169,21685.0,2023-11-22,South America,Clinics
Drug A,Company Z,Tablet,500 mg,30,1463,49601.0,2023-10-01,Africa,Supermarkets
Drug C,Company W,Tablet,250 mg,50 g,1091,15021.0,2024-06-15,North America,Hospitals
Drug C,Company Z,Injection,50 mg,10 ml,230,15353.0,2024-05-02,Asia,Supermarkets
Drug E,Company X,Cream,500 mg,30,1603,46470.0,2023-12-14,Africa,Supermarkets
Drug C,Company Y,Capsule,100 mg/ml,60,522,32783.0,2024-07-27,Africa,Supermarkets
Drug A,Company W,Cream,50 mg,100 ml,302,9722.0,2024-03-11,Europe,Online Pharmacy
Drug E,Company V,Tablet,250 mg,10 ml,664,32835.0,2023-12-16,North America,Pharmacy
Drug B,Company V,Tablet,500 mg,60,1701,36720.0,2024-01-17,Asia,Supermarkets
Drug B,Company W,Capsule,500 mg,30,1048,1486.0,2023-12-25,Africa,Supermarkets
Drug D,Company Y,Tablet,250 mg,10 ml,1570,17354.0,2023-08-09,Africa,Hospitals
Drug D,Company X,Tablet,500 mg,30,109,17302.0,2023-07-30,Africa,Supermarkets
Drug D,Company Z,Capsule,100 mg/ml,10 ml,141,19153.0,2023-10-28,Europe,Supermarkets
Drug B,Company X,Cream,10 mg,60,1239,36616.0,2024-01-06,Africa,Clinics
Drug D,Company X,Tablet,50 mg,60,1499,4766.0,2024-06-13,Africa,Online Pharmacy
Drug D,Company X,Tablet,10 mg,60,1869,25748.0,2023-11-05,South America,Online Pharmacy
Drug C,Company W,Syrup,100 mg/ml,30,1355,27880.0,2024-03-07,South America,Clinics
Drug C,Company V,Capsule,100 mg/ml,30,1173,8649.0,2024-01-09,South America,Online Pharmacy
Drug D,Company Z,Syrup,10 mg,60,828,30214.0,2024-06-25,North America,Pharmacy
Drug C,Company W,Syrup,100 mg/ml,30,453,10749.0,2023-11-25,Europe,Supermarkets
Drug C,Company Y,Injection,250 mg,50 g,132,17487.0,2023-12-28,Asia,Supermarkets
Drug A,Company W,Cream,100 mg/ml,100 ml,620,32593.0,2023-11-01,Asia,Hospitals
Drug E,Company X,Tablet,10 mg,50 g,1423,21911.0,2024-04-06,Africa,Hospitals
Drug B,Company Z,Cream,500 mg,50 g,1308,16623.0,2024-07-26,South America,Clinics
Drug E,Company Y,Injection,500 mg,60,460,29993.0,2024-03-16,Africa,Pharmacy
Drug B,Company Z,Injection,50 mg,10 ml,1598,43114.0,2024-01-20,North America,Online Pharmacy
Drug E,Company W,Tablet,100 mg/ml,50 g,978,46578.0,2023-11-30,Europe,Hospitals
Drug B,Company Z,Tablet,50 mg,100 ml,1484,15499.0,2024-05-27,North America,Pharmacy
Drug A,Company V,Cream,500 mg,100 ml,1807,37740.0,2023-09-11,South America,Clinics
Drug D,Company Z,Tablet,100 mg/ml,50 g,1197,36217.0,2024-02-28,South America,Online Pharmacy
Drug A,Company X,Injection,100 mg/ml,30,1169,33004.0,2024-06-11,South America,Online Pharmacy
Drug C,Company X,Syrup,10 mg,10 ml,1713,30761.0,2023-09-03,North America,Online Pharmacy
Drug D,Company X,Injection,500 mg,100 ml,1245,32469.0,2023-11-11,Africa,Pharmacy
Drug B,Company X,Injection,10 mg,50 g,454,37133.0,2024-01-19,Europe,Online Pharmacy
Drug C,Company Y,Cream,10 mg,30,1550,45767.0,2023-09-09,North America,Online Pharmacy
Drug D,Company V,Syrup,50 mg,100 ml,1488,19770.0,2024-07-11,North America,Online Pharmacy
Drug B,Company V,Syrup,250 mg,30,1207,29546.0,2023-11-08,Europe,Pharmacy
Drug E,Company W,Injection,500 mg,30,751,46620.0,2024-04-16,Europe,Clinics
Drug A,Company V,Injection,100 mg/ml,60,1388,44954.0,2024-01-26,Africa,Clinics
Drug D,Company X,Tablet,100 mg/ml,100 ml,712,24140.0,2023-11-18,Africa,Hospitals
Drug A,Company Y,Tablet,500 mg,100 ml,1428,1848.0,2024-02-09,Asia,Hospitals
Drug B,Company Y,Injection,250 mg,100 ml,1437,1329.0,2024-03-31,South America,Hospitals
Drug E,Company Z,Syrup,50 mg,60,818,34522.0,2024-03-13,Europe,Clinics
Drug D,Company Y,Tablet,10 mg,30,1094,34972.0,2024-05-11,Europe,Online Pharmacy
Drug C,Company W,Capsule,50 mg,60,1882,1492.0,2023-12-17,South America,Hospitals
Drug D,Company V,Tablet,250 mg,10 ml,1247,40432.0,2024-02-15,Europe,Hospitals
Drug C,Company Y,Capsule,500 mg,100 ml,1989,14261.0,2023-10-25,North America,Hospitals
Drug A,Company X,Cream,50 mg,100 ml,1725,26182.0,2023-11-18,South America,Online Pharmacy
Drug E,Company V,Cream,50 mg,50 g,815,33782.0,2023-10-05,Asia,Pharmacy
Drug D,Company W,Syrup,250 mg,60,135,40651.0,2024-04-07,Europe,Clinics
Drug A,Company X,Syrup,500 mg,30,1664,25573.0,2024-06-23,South America,Online Pharmacy
Drug D,Company V,Syrup,50 mg,50 g,1402,31956.0,2023-10-17,Asia,Clinics
Drug B,Company X,Capsule,250 mg,10 ml,153,30983.0,2024-01-07,Africa,Pharmacy
Drug B,Company X,Tablet,250 mg,60,399,21160.0,2024-07-04,Europe,Hospitals
Drug C,Company X,Cream,100 mg/ml,50 g,314,43409.0,2024-02-15,North America,Pharmacy
Drug D,Company V,Cream,100 mg/ml,60,504,46392.0,2024-04-12,South America,Pharmacy
Drug B,Company W,Injection,250 mg,30,214,10257.0,2023-11-02,Asia,Hospitals
Drug D,Company V,Capsule,10 mg,100 ml,1738,17663.0,2023-11-27,Asia,Pharmacy
Drug B,Company V,Injection,100 mg/ml,30,167,4175.0,2023-08-15,North America,Clinics
Drug A,Company X,Syrup,500 mg,30,1696,26976.0,2024-02-01,South America,Pharmacy
Drug B,Company X,Cream,10 mg,10 ml,1216,32615.0,2023-10-22,South America,Hospitals
Drug C,Company V,Capsule,10 mg,10 ml,599,1411.0,2023-12-04,North America,Online Pharmacy
Drug D,Company W,Cream,250 mg,30,609,25953.0,2024-02-06,North America,Pharmacy
Drug B,Company V,Syrup,50 mg,10 ml,1199,4779.0,2024-06-04,South America,Clinics
Drug E,Company Z,Syrup,50 mg,50 g,1238,30313.0,2024-02-11,South America,Hospitals
Drug B,Company X,Cream,10 mg,60,354,11544.0,2024-06-25,South America,Pharmacy
Drug D,Company V,Cream,50 mg,10 ml,489,48883.0,2024-01-05,South America,Online Pharmacy
Drug A,Company Z,Tablet,500 mg,10 ml,1042,34649.0,2024-07-13,North America,Online Pharmacy
Drug B,Company Z,Capsule,100 mg/ml,60,392,33170.0,2024-06-10,Europe,Pharmacy
Drug D,Company Y,Injection,500 mg,100 ml,786,22000.0,2024-04-01,Asia,Online Pharmacy
Drug A,Company V,Tablet,50 mg,100 ml,1347,29744.0,2024-07-19,South America,Hospitals
Drug B,Company Y,Syrup,50 mg,60,499,14526.0,2024-04-10,North America,Hospitals
Drug E,Company Y,Capsule,50 mg,60,489,25559.0,2023-12-22,South America,Online Pharmacy
Drug E,Company W,Capsule,250 mg,30,963,24965.0,2023-10-04,Europe,Hospitals
Drug A,Company Y,Cream,250 mg,100 ml,1650,36514.0,2024-06-26,Europe,Hospitals
Drug B,Company Z,Capsule,500 mg,100 ml,1826,46602.0,2024-07-10,Asia,Supermarkets
Drug D,Company V,Cream,500 mg,60,608,28326.0,2024-05-05,North America,Clinics
Drug C,Company Y,Tablet,500 mg,100 ml,297,20215.0,2024-06-19,Europe,Pharmacy
Drug C,Company Y,Cream,250 mg,60,1095,23543.0,2023-09-13,South America,Clinics
Drug D,Company Z,Tablet,10 mg,30,1585,34365.0,2024-03-25,Europe,Hospitals
Drug E,Company W,Injection,500 mg,50 g,749,13462.0,2023-08-26,Europe,Clinics
Drug B,Company X,Capsule,10 mg,50 g,1666,32893.0,2023-09-30,North America,Clinics
Drug A,Company W,Cream,50 mg,60,371,25596.0,2024-03-01,Europe,Online Pharmacy
Drug D,Company Y,Syrup,250 mg,100 ml,1663,20214.0,2023-12-09,South America,Hospitals
Drug E,Company Z,Tablet,500 mg,50 g,698,1522.0,2023-08-03,North America,Hospitals
Drug B,Company Y,Tablet,500 mg,50 g,1595,16585.0,2024-07-13,Asia,Online Pharmacy
Drug E,Company Y,Injection,100 mg/ml,60,1474,32199.0,2024-01-09,South America,Clinics
Drug B,Company V,Cream,250 mg,10 ml,1611,37594.0,2024-06-04,North America,Pharmacy
Drug E,Company V,Injection,10 mg,10 ml,1876,26559.0,2023-08-28,South America,Online Pharmacy
Drug C,Company Z,Cream,500 mg,60,939,22379.0,2024-04-22,Asia,Online Pharmacy
Drug A,Company V,Cream,50 mg,60,1075,41442.0,2024-05-11,Europe,Hospitals
Drug B,Company Y,Syrup,10 mg,30,868,41228.0,2024-06-19,Europe,Online Pharmacy
Drug E,Company X,Cream,50 mg,10 ml,1135,42632.0,2024-03-26,Africa,Online Pharmacy
Drug E,Company W,Capsule,250 mg,30,1780,28351.0,2023-09-28,Asia,Supermarkets
Drug D,Company V,Injection,100 mg/ml,10 ml,833,42915.0,2024-04-02,Asia,Clinics
Drug B,Company Z,Syrup,250 mg,10 ml,1134,26634.0,2024-03-26,Asia,Hospitals
Drug A,Company Y,Cream,50 mg,100 ml,1706,21681.0,2023-08-03,Europe,Hospitals
Drug C,Company Z,Cream,250 mg,10 ml,1395,22835.0,2024-02-08,Europe,Supermarkets
Drug E,Company X,Tablet,10 mg,100 ml,1693,31240.0,2024-06-26,South America,Online Pharmacy
Drug E,Company Y,Syrup,10 mg,30,1549,9455.0,2024-02-23,Europe,Pharmacy
Drug E,Company X,Cream,10 mg,10 ml,100,32910.0,2023-10-29,North America,Hospitals
Drug B,Company V,Cream,50 mg,50 g,826,24350.0,2023-11-10,North America,Clinics
Drug C,Company W,Cream,500 mg,50 g,1308,17828.0,2024-01-13,Asia,Supermarkets
Drug B,Company Y,Capsule,500 mg,100 ml,1691,37249.0,2023-10-25,North America,Supermarkets
Drug B,Company Z,Syrup,10 mg,10 ml,1028,7222.0,2024-04-01,Africa,Supermarkets
Drug D,Company Y,Cream,100 mg/ml,30,1134,5856.0,2023-11-03,North America,Hospitals
Drug A,Company V,Cream,250 mg,50 g,1503,19148.0,2024-06-26,Asia,Pharmacy
Drug A,Company W,Tablet,500 mg,10 ml,1509,30615.0,2023-12-09,Europe,Hospitals
Drug D,Company V,Syrup,10 mg,10 ml,578,33113.0,2024-02-17,Asia,Clinics
Drug C,Company V,Cream,250 mg,10 ml,1195,42794.0,2023-09-09,North America,Online Pharmacy
Drug D,Company Y,Injection,50 mg,60,485,29314.0,2024-03-01,North America,Pharmacy
Drug E,Company Z,Tablet,100 mg/ml,60,819,47811.0,2023-10-03,South America,Supermarkets
Drug C,Company X,Syrup,100 mg/ml,100 ml,1654,16660.0,2024-04-04,South America,Pharmacy
Drug D,Company W,Capsule,500 mg,60,1957,32269.0,2024-04-27,Europe,Online Pharmacy
Drug E,Company Z,Cream,50 mg,60,799,10708.0,2024-03-24,Europe,Hospitals
Drug C,Company V,Cream,10 mg,100 ml,1532,5489.0,2024-04-13,North America,Clinics
Drug A,Company W,Injection,250 mg,100 ml,1786,11345.0,2023-09-12,Africa,Hospitals
Drug B,Company Z,Syrup,50 mg,100 ml,1927,8953.0,2024-01-02,Asia,Hospitals
Drug D,Company W,Capsule,10 mg,60,1475,27251.0,2024-07-24,Africa,Online Pharmacy
Drug C,Company X,Capsule,100 mg/ml,10 ml,290,16582.0,2024-05-08,Asia,Clinics
Drug C,Company X,Tablet,50 mg,60,677,20916.0,2024-03-20,Asia,Online Pharmacy
Drug B,Company Y,Injection,50 mg,10 ml,1728,30905.0,2023-12-13,North America,Hospitals
Drug D,Company Y,Capsule,50 mg,10 ml,709,16636.0,2023-10-07,North America,Clinics
Drug A,Company Y,Tablet,10 mg,60,1660,9172.0,2024-06-29,North America,Supermarkets
Drug C,Company Z,Capsule,500 mg,60,1530,15055.0,2023-07-29,Asia,Supermarkets
Drug B,Company W,Tablet,500 mg,60,1804,17065.0,2023-09-22,Asia,Hospitals
Drug C,Company V,Tablet,10 mg,10 ml,847,20074.0,2024-06-08,North America,Pharmacy
Drug D,Company Z,Injection,10 mg,50 g,1944,25684.0,2024-03-27,Asia,Pharmacy
Drug B,Company Y,Capsule,500 mg,100 ml,1882,14779.0,2024-06-15,Europe,Pharmacy
Drug C,Company W,Capsule,500 mg,50 g,377,20905.0,2024-02-28,Europe,Hospitals
Drug E,Company W,Injection,100 mg/ml,50 g,1784,11761.0,2023-08-26,Asia,Pharmacy
Drug C,Company X,Injection,50 mg,100 ml,1414,29966.0,2024-05-12,Europe,Clinics
Drug B,Company Z,Syrup,100 mg/ml,60,1782,32047.0,2023-12-24,Europe,Hospitals
Drug B,Company V,Syrup,100 mg/ml,30,221,40972.0,2024-06-11,Europe,Clinics
Drug C,Company W,Syrup,10 mg,60,1221,15799.0,2023-09-12,North America,Clinics
Drug C,Company X,Cream,500 mg,60,1461,28440.0,2023-08-16,Africa,Supermarkets
Drug D,Company Z,Syrup,100 mg/ml,100 ml,1621,22584.0,2023-08-13,Asia,Online Pharmacy
Drug A,Company Y,Capsule,50 mg,100 ml,587,49864.0,2023-10-13,Africa,Supermarkets
Drug B,Company Y,Injection,10 mg,100 ml,902,15266.0,2023-10-14,South America,Clinics
Drug C,Company Z,Cream,10 mg,10 ml,447,5128.0,2023-11-24,Asia,Supermarkets
Drug A,Company X,Injection,100 mg/ml,60,646,39113.0,2024-07-10,South America,Pharmacy
Drug D,Company V,Tablet,10 mg,100 ml,1135,12514.0,2023-08-27,Asia,Online Pharmacy
Drug B,Company X,Capsule,250 mg,50 g,1494,45452.0,2023-12-16,Africa,Clinics
Drug C,Company X,Tablet,50 mg,50 g,279,32754.0,2024-01-14,Africa,Hospitals
Drug E,Company V,Syrup,50 mg,50 g,302,20937.0,2024-05-28,South America,Supermarkets
Drug D,Company Z,Injection,10 mg,10 ml,1306,35777.0,2024-05-07,Europe,Supermarkets
Drug D,Company W,Capsule,500 mg,50 g,1372,47220.0,2023-11-27,North America,Clinics
Drug C,Company X,Tablet,10 mg,60,873,28524.0,2023-10-01,Asia,Hospitals
Drug C,Company X,Tablet,10 mg,60,1075,4900.0,2023-11-21,Asia,Supermarkets
Drug A,Company Y,Cream,500 mg,10 ml,862,17179.0,2023-11-12,Europe,Clinics
Drug C,Company W,Syrup,100 mg/ml,10 ml,1872,42474.0,2023-08-01,Asia,Pharmacy
Drug E,Company V,Syrup,10 mg,50 g,1041,45750.0,2024-06-14,Europe,Hospitals
Drug C,Company W,Capsule,10 mg,60,149,40553.0,2023-11-04,Europe,Hospitals
Drug C,Company X,Injection,500 mg,60,996,6016.0,2024-06-19,North America,Pharmacy
Drug B,Company Z,Injection,500 mg,60,1890,35859.0,2023-11-10,South America,Clinics
Drug B,Company X,Syrup,10 mg,30,770,15607.0,2023-10-17,Africa,Supermarkets
Drug E,Company Y,Injection,50 mg,30,727,3436.0,2024-02-01,Europe,Online Pharmacy
Drug A,Company Z,Tablet,10 mg,100 ml,190,14001.0,2024-01-11,Europe,Supermarkets
Drug D,Company X,Cream,500 mg,10 ml,1248,33631.0,2023-12-16,Asia,Clinics
Drug D,Company Z,Syrup,50 mg,30,1183,39477.0,2024-03-16,North America,Clinics
Drug A,Company Z,Tablet,250 mg,60,1394,13808.0,2024-04-17,Asia,Hospitals
Drug E,Company Z,Syrup,500 mg,100 ml,626,28471.0,2023-10-05,Europe,Clinics
Drug B,Company V,Injection,10 mg,60,1394,3360.0,2024-06-20,Europe,Hospitals
Drug B,Company X,Tablet,250 mg,30,1699,25685.0,2023-11-20,South America,Hospitals
Drug E,Company W,Cream,250 mg,30,364,20390.0,2023-09-13,North America,Hospitals
Drug B,Company X,Injection,100 mg/ml,60,1120,22277.0,2023-08-26,South America,Hospitals
Drug D,Company Y,Cream,50 mg,10 ml,323,22108.0,2023-08-26,North America,Online Pharmacy
Drug E,Company X,Capsule,500 mg,30,1394,45719.0,2023-09-23,South America,Online Pharmacy
Drug B,Company V,Syrup,250 mg,30,515,10882.0,2024-03-28,Europe,Online Pharmacy
Drug D,Company Y,Capsule,50 mg,10 ml,1729,26352.0,2024-02-20,Europe,Supermarkets
Drug E,Company X,Capsule,50 mg,30,1208,39952.0,2024-03-10,South America,Supermarkets
Drug D,Company X,Syrup,10 mg,30,1657,21133.0,2024-03-28,Africa,Clinics
Drug A,Company W,Syrup,500 mg,60,1572,46966.0,2023-10-18,North America,Pharmacy
Drug A,Company Y,Injection,500 mg,60,901,37255.0,2023-10-25,Africa,Clinics
Drug C,Company X,Injection,100 mg/ml,100 ml,814,11345.0,2024-02-08,Asia,Supermarkets
Drug E,Company X,Injection,50 mg,10 ml,1124,18402.0,2023-12-30,South America,Online Pharmacy
Drug B,Company X,Injection,250 mg,100 ml,1609,12823.0,2024-06-27,Asia,Online Pharmacy
Drug E,Company X,Injection,250 mg,50 g,846,39016.0,2024-02-20,South America,Clinics
Drug A,Company V,Cream,250 mg,50 g,859,49397.0,2023-08-29,Africa,Online Pharmacy
Drug E,Company V,Tablet,250 mg,10 ml,389,3098.0,2024-05-10,Asia,Hospitals
Drug B,Company Z,Injection,500 mg,60,1964,38375.0,2023-11-24,South America,Clinics
Drug A,Company Y,Injection,100 mg/ml,60,764,2858.0,2023-08-25,North America,Hospitals
Drug D,Company Y,Syrup,500 mg,30,1326,20696.0,2024-06-11,North America,Clinics
Drug E,Company Z,Cream,50 mg,50 g,229,17960.0,2024-03-12,Asia,Clinics
Drug E,Company V,Tablet,50 mg,10 ml,1201,15965.0,2024-04-05,South America,Clinics
Drug B,Company V,Tablet,500 mg,60,498,17227.0,2024-03-31,South America,Clinics
Drug E,Company W,Capsule,500 mg,60,1171,1301.0,2023-10-03,Asia,Pharmacy
Drug D,Company Y,Injection,10 mg,30,429,1770.0,2024-05-30,Europe,Supermarkets
Drug A,Company Z,Capsule,50 mg,60,149,24712.0,2024-07-24,Asia,Online Pharmacy
Drug B,Company Y,Cream,250 mg,60,832,41916.0,2024-04-19,South America,Online Pharmacy
Drug C,Company X,Syrup,500 mg,50 g,324,40529.0,2023-08-16,Africa,Clinics
Drug E,Company Y,Capsule,500 mg,10 ml,244,34645.0,2024-04-14,South America,Clinics
Drug E,Company Z,Syrup,50 mg,60,298,26167.0,2023-11-17,Europe,Supermarkets
Drug E,Company X,Syrup,100 mg/ml,30,1148,49962.0,2023-12-22,Europe,Clinics
Drug E,Company Z,Syrup,250 mg,60,1090,1972.0,2023-12-31,Africa,Pharmacy
Drug B,Company V,Injection,100 mg/ml,100 ml,1944,26394.0,2024-05-01,Europe,Pharmacy
Drug E,Company Z,Injection,10 mg,30,835,30738.0,2024-06-23,Africa,Supermarkets
Drug A,Company V,Injection,10 mg,100 ml,1156,38835.0,2024-04-14,Europe,Pharmacy
Drug C,Company Z,Cream,500 mg,60,728,11807.0,2024-01-08,Asia,Pharmacy
Drug E,Company Z,Syrup,250 mg,100 ml,1706,30997.0,2023-11-08,South America,Online Pharmacy
Drug B,Company W,Cream,10 mg,60,1281,18807.0,2024-07-03,Europe,Clinics
Drug A,Company Z,Capsule,100 mg/ml,30,1507,30246.0,2024-05-12,North America,Pharmacy
Drug C,Company W,Cream,100 mg/ml,10 ml,1337,1231.0,2023-09-21,Europe,Pharmacy
Drug E,Company Z,Capsule,100 mg/ml,60,483,10434.0,2024-04-12,Asia,Supermarkets
Drug E,Company X,Injection,250 mg,50 g,1562,4538.0,2023-11-27,Europe,Supermarkets
Drug A,Company Y,Syrup,250 mg,50 g,1893,10971.0,2024-01-09,Africa,Clinics
Drug B,Company X,Tablet,10 mg,10 ml,368,16546.0,2024-03-15,Asia,Hospitals
Drug A,Company Z,Cream,50 mg,50 g,1781,2138.0,2024-01-30,Europe,Hospitals
Drug D,Company X,Injection,250 mg,30,440,20986.0,2023-10-20,Asia,Clinics
Drug E,Company Z,Syrup,100 mg/ml,100 ml,214,43574.0,2023-10-13,North America,Pharmacy
Drug B,Company W,Tablet,500 mg,30,472,19038.0,2024-05-19,North America,Clinics
Drug B,Company W,Tablet,50 mg,30,1484,29949.0,2024-04-06,Africa,Supermarkets
Drug C,Company X,Tablet,250 mg,100 ml,914,34019.0,2023-08-15,North America,Pharmacy
Drug C,Company Y,Capsule,10 mg,100 ml,1423,36260.0,2023-11-08,Europe,Pharmacy
Drug A,Company Z,Tablet,500 mg,60,1566,16223.0,2024-02-02,North America,Supermarkets
Drug C,Company Z,Syrup,10 mg,30,908,43749.0,2023-10-22,Africa,Online Pharmacy
Drug A,Company X,Tablet,250 mg,60,1387,44173.0,2024-07-02,North America,Pharmacy
Drug C,Company V,Capsule,250 mg,60,755,34127.0,2023-11-08,South America,Pharmacy
Drug A,Company V,Capsule,500 mg,100 ml,1434,43000.0,2024-01-25,Asia,Supermarkets
Drug B,Company Z,Syrup,50 mg,10 ml,1286,1777.0,2023-11-03,Europe,Hospitals
Drug D,Company V,Injection,500 mg,60,992,4119.0,2024-03-06,Asia,Hospitals
Drug B,Company Z,Injection,100 mg/ml,60,130,37525.0,2024-05-03,Asia,Hospitals
Drug C,Company W,Tablet,100 mg/ml,10 ml,1575,15314.0,2023-08-03,Europe,Pharmacy
Drug A,Company Y,Tablet,100 mg/ml,30,634,28930.0,2023-08-26,North America,Online Pharmacy
Drug C,Company W,Cream,250 mg,100 ml,937,1592.0,2023-11-25,Africa,Hospitals
Drug A,Company W,Injection,100 mg/ml,60,653,40612.0,2023-10-11,South America,Clinics
Drug E,Company W,Cream,500 mg,30,924,12763.0,2023-12-28,Europe,Online Pharmacy
Drug A,Company Z,Injection,100 mg/ml,10 ml,1480,22509.0,2023-12-18,Africa,Online Pharmacy
Drug B,Company X,Cream,50 mg,30,1069,20868.0,2024-04-07,Europe,Supermarkets
Drug B,Company W,Syrup,250 mg,30,1480,28254.0,2024-06-13,Asia,Supermarkets
Drug E,Company W,Injection,50 mg,100 ml,1744,47553.0,2023-08-06,North America,Supermarkets
Drug E,Company Y,Injection,250 mg,30,343,15580.0,2023-09-06,Asia,Clinics
Drug E,Company V,Cream,100 mg/ml,50 g,1448,36442.0,2024-06-07,North America,Clinics
Drug A,Company Z,Injection,100 mg/ml,50 g,1484,24252.0,2023-08-22,Asia,Pharmacy
Drug C,Company Z,Injection,100 mg/ml,50 g,646,39816.0,2024-03-21,South America,Supermarkets
Drug B,Company W,Injection,500 mg,100 ml,873,19598.0,2024-03-27,South America,Clinics
Drug D,Company Z,Injection,500 mg,10 ml,507,2658.0,2023-11-17,Europe,Clinics
Drug E,Company Z,Injection,100 mg/ml,30,1465,22742.0,2024-06-19,North America,Clinics
Drug B,Company Z,Tablet,250 mg,50 g,917,16758.0,2024-02-27,Europe,Hospitals
Drug E,Company W,Cream,500 mg,50 g,450,4842.0,2024-04-21,Asia,Pharmacy
Drug D,Company V,Syrup,100 mg/ml,60,1036,28098.0,2023-10-02,South America,Clinics
Drug D,Company W,Tablet,50 mg,30,355,16758.0,2023-10-04,Asia,Online Pharmacy
Drug E,Company Y,Capsule,10 mg,10 ml,159,10132.0,2023-10-13,North America,Pharmacy
Drug C,Company V,Injection,100 mg/ml,30,1835,48131.0,2024-04-21,South America,Pharmacy
Drug E,Company Y,Tablet,50 mg,30,345,23783.0,2023-10-15,North America,Online Pharmacy
Drug C,Company Z,Capsule,100 mg/ml,30,1701,38134.0,2024-06-06,North America,Clinics
Drug C,Company X,Capsule,10 mg,30,966,29754.0,2023-09-27,North America,Pharmacy
Drug A,Company X,Cream,50 mg,50 g,1876,35523.0,2024-05-21,North America,Pharmacy
Drug D,Company Z,Tablet,10 mg,100 ml,1589,39611.0,2024-07-16,South America,Hospitals
Drug E,Company Z,Syrup,100 mg/ml,60,1236,5976.0,2024-03-10,Asia,Supermarkets
Drug D,Company W,Capsule,100 mg/ml,30,406,19800.0,2023-10-06,South America,Online Pharmacy
Drug E,Company W,Capsule,250 mg,60,1477,42087.0,2024-01-11,North America,Pharmacy
Drug C,Company Y,Syrup,100 mg/ml,100 ml,1684,49229.0,2024-05-09,Europe,Online Pharmacy
Drug C,Company Y,Cream,100 mg/ml,50 g,849,45151.0,2023-08-02,Europe,Online Pharmacy
Drug A,Company X,Tablet,500 mg,50 g,849,39729.0,2023-08-24,South America,Pharmacy
Drug D,Company W,Capsule,50 mg,30,1743,11137.0,2023-11-30,Asia,Clinics
Drug E,Company Z,Injection,10 mg,50 g,359,14269.0,2023-11-07,North America,Supermarkets
Drug B,Company Z,Tablet,100 mg/ml,100 ml,573,4115.0,2024-06-12,South America,Supermarkets
Drug B,Company W,Cream,500 mg,10 ml,1330,28423.0,2023-09-16,South America,Pharmacy
Drug E,Company Z,Tablet,100 mg/ml,30,1087,15485.0,2024-03-06,Asia,Supermarkets
Drug B,Company W,Capsule,50 mg,100 ml,404,8798.0,2023-10-08,Asia,Supermarkets
Drug A,Company X,Cream,250 mg,60,1641,4850.0,2023-10-01,North America,Hospitals
Drug D,Company X,Capsule,500 mg,50 g,1013,38304.0,2023-09-18,Europe,Pharmacy
Drug E,Company Z,Injection,10 mg,10 ml,434,32258.0,2024-07-23,North America,Clinics
Drug D,Company Y,Injection,50 mg,30,857,25111.0,2023-08-30,North America,Hospitals
Drug E,Company V,Cream,250 mg,30,1215,3802.0,2024-05-22,South America,Supermarkets
Drug E,Company Y,Injection,250 mg,60,1206,30473.0,2023-10-09,Asia,Hospitals
Drug A,Company V,Cream,100 mg/ml,50 g,1028,26345.0,2024-01-02,Europe,Clinics
Drug B,Company X,Syrup,100 mg/ml,100 ml,1821,49772.0,2023-08-05,Europe,Clinics
Drug D,Company Z,Capsule,100 mg/ml,100 ml,187,33824.0,2024-05-19,North America,Supermarkets
Drug A,Company Z,Capsule,250 mg,10 ml,1978,10298.0,2024-04-27,South America,Online Pharmacy
Drug D,Company W,Tablet,50 mg,50 g,310,8780.0,2023-12-21,South America,Supermarkets
Drug C,Company V,Capsule,500 mg,30,1232,14892.0,2023-12-26,Africa,Clinics
Drug E,Company W,Tablet,100 mg/ml,100 ml,1147,31546.0,2023-12-03,South America,Supermarkets
Drug D,Company V,Capsule,10 mg,60,157,25507.0,2023-09-08,Asia,Supermarkets
Drug A,Company X,Capsule,100 mg/ml,30,110,48715.0,2024-05-05,South America,Clinics
Drug C,Company V,Injection,50 mg,100 ml,1496,30359.0,2024-01-04,Europe,Online Pharmacy
Drug D,Company V,Syrup,50 mg,50 g,1677,14519.0,2024-05-09,Africa,Clinics
Drug C,Company Y,Syrup,10 mg,30,103,39963.0,2024-01-26,North America,Supermarkets
Drug D,Company W,Cream,250 mg,30,621,14108.0,2024-03-07,Africa,Pharmacy
Drug B,Company V,Tablet,500 mg,30,467,42438.0,2024-04-14,North America,Hospitals
Drug A,Company V,Syrup,50 mg,60,528,12478.0,2024-07-19,Asia,Pharmacy
Drug B,Company Y,Syrup,100 mg/ml,30,651,43294.0,2023-09-15,Africa,Pharmacy
Drug C,Company Y,Capsule,250 mg,100 ml,213,41727.0,2023-11-23,Asia,Online Pharmacy
Drug A,Company Y,Cream,250 mg,50 g,1808,18900.0,2024-03-14,Asia,Hospitals
Drug B,Company Z,Tablet,100 mg/ml,30,979,33935.0,2023-12-14,Europe,Online Pharmacy
Drug E,Company W,Injection,100 mg/ml,10 ml,903,29491.0,2023-09-22,Africa,Online Pharmacy
Drug D,Company Z,Tablet,500 mg,10 ml,1873,47958.0,2023-11-09,South America,Hospitals
Drug D,Company X,Syrup,100 mg/ml,30,1575,39809.0,2023-12-25,Asia,Clinics
Drug A,Company V,Tablet,50 mg,60,1178,26564.0,2024-01-01,Asia,Online Pharmacy
Drug C,Company Y,Syrup,10 mg,30,136,28942.0,2023-10-31,Europe,Supermarkets
Drug C,Company W,Tablet,250 mg,50 g,177,38415.0,2024-01-20,Europe,Supermarkets
Drug C,Company V,Capsule,500 mg,10 ml,267,37982.0,2024-02-25,Africa,Online Pharmacy
Drug A,Company Y,Syrup,10 mg,10 ml,539,28332.0,2024-06-23,South America,Hospitals
Drug B,Company Y,Cream,100 mg/ml,100 ml,1637,28078.0,2023-12-20,South America,Pharmacy
Drug E,Company V,Injection,100 mg/ml,50 g,895,1117.0,2024-04-16,Africa,Hospitals
Drug A,Company Z,Syrup,100 mg/ml,50 g,545,7812.0,2024-03-15,Africa,Clinics
Drug D,Company Y,Syrup,10 mg,60,809,34972.0,2023-08-24,Asia,Hospitals
Drug E,Company X,Capsule,50 mg,50 g,251,33441.0,2023-08-07,Europe,Pharmacy
Drug D,Company X,Cream,100 mg/ml,50 g,954,6130.0,2023-08-20,Africa,Pharmacy
Drug B,Company V,Syrup,500 mg,50 g,1105,9186.0,2023-10-17,North America,Hospitals
Drug A,Company Z,Capsule,50 mg,50 g,280,41256.0,2024-04-03,Asia,Pharmacy
Drug C,Company Z,Syrup,250 mg,30,357,2350.0,2024-06-02,South America,Online Pharmacy
Drug B,Company V,Cream,50 mg,60,1476,21861.0,2023-09-19,Asia,Pharmacy
Drug E,Company V,Cream,10 mg,100 ml,1448,37724.0,2023-12-08,Europe,Clinics
Drug D,Company Y,Syrup,100 mg/ml,50 g,1191,27570.0,2023-11-21,Europe,Hospitals
Drug B,Company X,Cream,250 mg,50 g,451,18899.0,2024-04-06,North America,Pharmacy
Drug B,Company W,Capsule,50 mg,60,1978,23993.0,2024-06-04,Europe,Pharmacy
Drug D,Company V,Injection,10 mg,100 ml,403,4075.0,2024-03-16,South America,Hospitals
Drug D,Company X,Cream,10 mg,50 g,309,38835.0,2024-03-08,North America,Hospitals
Drug C,Company W,Injection,10 mg,10 ml,1448,13865.0,2023-12-08,South America,Supermarkets
Drug D,Company W,Cream,100 mg/ml,50 g,704,12836.0,2024-01-17,Africa,Clinics
Drug B,Company Y,Syrup,10 mg,30,165,32484.0,2024-07-11,Africa,Pharmacy
Drug B,Company W,Capsule,250 mg,10 ml,1824,12594.0,2023-12-11,South America,Hospitals
Drug A,Company Y,Tablet,50 mg,10 ml,1553,35920.0,2023-08-16,Europe,Pharmacy
Drug E,Company W,Tablet,250 mg,30,1114,45080.0,2023-10-14,Africa,Hospitals
Drug C,Company Y,Cream,100 mg/ml,60,1746,7097.0,2023-11-07,Asia,Supermarkets
Drug D,Company V,Capsule,10 mg,30,1468,32272.0,2024-04-21,South America,Supermarkets
Drug B,Company V,Injection,500 mg,50 g,230,41305.0,2024-04-09,Europe,Clinics
Drug E,Company X,Capsule,500 mg,50 g,776,6165.0,2024-04-14,Asia,Hospitals
Drug E,Company W,Tablet,500 mg,50 g,1071,3760.0,2023-09-09,Europe,Hospitals
Drug B,Company Z,Capsule,500 mg,50 g,1137,1699.0,2023-11-23,Europe,Supermarkets
Drug A,Company Y,Capsule,10 mg,60,787,47912.0,2024-06-09,South America,Online Pharmacy
Drug D,Company Y,Injection,250 mg,30,1479,33505.0,2024-06-30,South America,Pharmacy
Drug C,Company V,Capsule,500 mg,100 ml,405,23360.0,2023-11-03,South America,Online Pharmacy
Drug C,Company W,Cream,50 mg,10 ml,470,45836.0,2023-11-02,South America,Online Pharmacy
Drug D,Company W,Capsule,10 mg,50 g,1864,26663.0,2024-04-21,South America,Pharmacy
Drug B,Company X,Tablet,500 mg,50 g,1610,22700.0,2023-10-16,Europe,Clinics
Drug A,Company X,Cream,10 mg,10 ml,1247,23054.0,2023-11-13,Africa,Hospitals
Drug E,Company W,Injection,50 mg,60,1515,37393.0,2023-12-30,North America,Hospitals
Drug E,Company X,Syrup,500 mg,30,1064,11558.0,2024-07-12,Europe,Online Pharmacy
Drug A,Company Z,Syrup,100 mg/ml,50 g,336,7855.0,2023-08-28,Asia,Supermarkets
Drug C,Company V,Tablet,500 mg,50 g,1334,30566.0,2023-12-19,North America,Pharmacy
Drug D,Company X,Cream,500 mg,100 ml,472,23247.0,2023-12-20,Asia,Hospitals
Drug D,Company V,Capsule,50 mg,100 ml,169,18665.0,2024-01-31,Europe,Pharmacy
Drug C,Company Y,Syrup,100 mg/ml,100 ml,150,8735.0,2023-10-18,North America,Supermarkets
Drug D,Company V,Injection,100 mg/ml,10 ml,1503,19148.0,2023-10-10,North America,Clinics
Drug A,Company X,Syrup,100 mg/ml,50 g,355,33093.0,2024-05-18,North America,Hospitals
Drug A,Company W,Injection,100 mg/ml,50 g,1215,12727.0,2023-11-30,North America,Pharmacy
Drug D,Company V,Tablet,50 mg,50 g,857,26479.0,2023-08-25,Asia,Pharmacy
Drug E,Company W,Cream,250 mg,100 ml,914,28345.0,2024-02-21,Africa,Hospitals
Drug E,Company V,Tablet,100 mg/ml,100 ml,1513,16791.0,2024-07-28,South America,Supermarkets
Drug D,Company V,Injection,500 mg,100 ml,809,1788.0,2023-09-19,South America,Online Pharmacy
Drug A,Company X,Tablet,10 mg,10 ml,1696,42076.0,2024-03-27,Africa,Pharmacy
Drug D,Company V,Cream,500 mg,50 g,1943,42637.0,2024-04-13,North America,Online Pharmacy
Drug B,Company W,Cream,100 mg/ml,10 ml,794,5918.0,2024-04-14,Africa,Hospitals
Drug A,Company Y,Cream,500 mg,60,601,7096.0,2024-06-28,Europe,Pharmacy
Drug D,Company W,Cream,100 mg/ml,30,1954,14676.0,2023-12-20,Africa,Online Pharmacy
Drug D,Company Y,Tablet,10 mg,30,301,28337.0,2023-10-10,Africa,Pharmacy
Drug D,Company Z,Cream,250 mg,50 g,648,34565.0,2024-06-10,South America,Online Pharmacy
Drug E,Company W,Injection,10 mg,50 g,508,9190.0,2023-10-26,Africa,Hospitals
Drug E,Company Y,Injection,100 mg/ml,30,1259,21505.0,2023-10-05,Europe,Online Pharmacy
Drug C,Company Y,Injection,100 mg/ml,60,1922,5404.0,2023-12-27,Africa,Hospitals
Drug C,Company W,Tablet,100 mg/ml,100 ml,1769,49043.0,2023-10-07,South America,Online Pharmacy
Drug B,Company Y,Capsule,50 mg,100 ml,348,40962.0,2023-08-07,South America,Hospitals
Drug C,Company Y,Cream,50 mg,50 g,317,17536.0,2024-02-29,Africa,Supermarkets
Drug D,Company X,Tablet,250 mg,100 ml,832,14813.0,2023-11-01,North America,Supermarkets
Drug B,Company W,Injection,50 mg,50 g,1217,44230.0,2023-08-25,Asia,Clinics
Drug B,Company V,Tablet,10 mg,30,987,46351.0,2024-04-13,Asia,Pharmacy
Drug C,Company V,Cream,100 mg/ml,30,1544,28088.0,2024-04-14,South America,Hospitals
Drug C,Company Y,Injection,10 mg,50 g,1500,33627.0,2023-11-05,Africa,Hospitals
Drug B,Company V,Syrup,250 mg,100 ml,1406,38824.0,2023-12-29,Europe,Pharmacy
Drug B,Company Z,Injection,500 mg,50 g,1176,3089.0,2023-08-02,Europe,Clinics
Drug B,Company W,Syrup,500 mg,10 ml,1806,24517.0,2024-04-16,South America,Online Pharmacy
Drug A,Company V,Syrup,250 mg,30,1187,25578.0,2023-10-21,North America,Clinics
Drug A,Company W,Cream,250 mg,10 ml,606,19299.0,2024-03-07,North America,Online Pharmacy
Drug D,Company Y,Injection,50 mg,30,1824,35974.0,2023-08-03,Europe,Hospitals
Drug B,Company Y,Tablet,100 mg/ml,30,1082,1598.0,2023-09-28,North America,Supermarkets
Drug B,Company W,Injection,500 mg,50 g,1738,46460.0,2024-03-29,South America,Online Pharmacy
Drug A,Company Y,Capsule,250 mg,100 ml,566,7773.0,2023-09-23,Europe,Pharmacy
Drug D,Company Y,Tablet,50 mg,100 ml,1542,18211.0,2023-10-19,Europe,Pharmacy
Drug B,Company Z,Capsule,250 mg,100 ml,1818,24007.0,2024-05-15,Asia,Supermarkets
Drug C,Company X,Cream,500 mg,10 ml,380,19627.0,2024-04-26,Africa,Clinics
Drug C,Company Y,Cream,500 mg,30,1258,32636.0,2023-10-06,South America,Clinics
Drug B,Company X,Injection,500 mg,10 ml,271,42665.0,2024-07-23,Europe,Pharmacy
Drug C,Company Z,Cream,100 mg/ml,60,1450,41272.0,2023-09-25,Africa,Online Pharmacy
Drug B,Company W,Capsule,500 mg,10 ml,880,41888.0,2024-02-01,North America,Online Pharmacy
Drug A,Company Z,Syrup,10 mg,100 ml,946,11455.0,2023-11-19,Europe,Pharmacy
Drug E,Company W,Injection,100 mg/ml,50 g,1435,5947.0,2024-06-16,North America,Hospitals
Drug C,Company Y,Capsule,100 mg/ml,50 g,662,42968.0,2024-05-04,Asia,Hospitals
Drug A,Company Z,Syrup,10 mg,10 ml,974,1233.0,2023-12-12,Asia,Online Pharmacy
Drug B,Company Y,Capsule,500 mg,100 ml,375,48490.0,2023-09-10,Asia,Online Pharmacy
Drug D,Company Z,Cream,100 mg/ml,60,1174,45203.0,2023-09-16,Asia,Hospitals
Drug B,Company W,Cream,100 mg/ml,50 g,826,38948.0,2024-05-13,Asia,Pharmacy
Drug D,Company W,Cream,500 mg,100 ml,1991,22125.0,2023-12-29,Africa,Pharmacy
Drug A,Company V,Tablet,10 mg,30,1847,3341.0,2024-01-28,Europe,Clinics
Drug B,Company W,Tablet,10 mg,50 g,1902,30721.0,2023-10-07,Africa,Online Pharmacy
Drug C,Company V,Capsule,250 mg,30,1565,44406.0,2024-05-01,North America,Pharmacy
Drug A,Company Z,Syrup,10 mg,60,202,29359.0,2024-04-26,Europe,Clinics
Drug E,Company W,Cream,500 mg,100 ml,1154,43230.0,2023-09-28,Asia,Online Pharmacy
Drug A,Company Y,Syrup,100 mg/ml,50 g,1979,44423.0,2024-02-07,Asia,Supermarkets
Drug E,Company Z,Syrup,250 mg,60,1572,45926.0,2024-04-11,Africa,Clinics
Drug D,Company V,Injection,100 mg/ml,60,1732,15706.0,2024-02-29,Africa,Supermarkets
Drug D,Company X,Capsule,50 mg,100 ml,994,28766.0,2024-06-05,Africa,Supermarkets
Drug E,Company Z,Tablet,250 mg,10 ml,524,29230.0,2023-12-20,North America,Supermarkets
Drug B,Company Y,Injection,50 mg,100 ml,255,10654.0,2024-01-23,North America,Clinics
Drug E,Company W,Cream,250 mg,50 g,347,13939.0,2024-04-14,North America,Hospitals
Drug E,Company W,Injection,100 mg/ml,10 ml,884,29077.0,2024-03-23,North America,Pharmacy
Drug B,Company Z,Capsule,50 mg,10 ml,1415,35744.0,2024-06-06,Europe,Hospitals
Drug B,Company X,Tablet,10 mg,100 ml,600,22592.0,2024-05-13,North America,Hospitals
Drug E,Company Y,Tablet,500 mg,30,1568,22730.0,2023-10-23,South America,Clinics
Drug C,Company X,Syrup,100 mg/ml,30,1383,7696.0,2024-06-27,North America,Hospitals
Drug E,Company X,Injection,100 mg/ml,100 ml,1066,30159.0,2023-10-16,Europe,Hospitals
Drug A,Company Y,Syrup,250 mg,10 ml,1759,31641.0,2024-07-07,Africa,Pharmacy
Drug A,Company V,Capsule,50 mg,30,1040,45896.0,2023-11-09,Africa,Online Pharmacy
Drug C,Company X,Injection,500 mg,60,1796,15290.0,2023-12-18,Africa,Pharmacy
Drug D,Company W,Syrup,250 mg,100 ml,1545,2653.0,2024-07-26,South America,Hospitals
Drug A,Company X,Tablet,50 mg,60,1615,48316.0,2024-05-19,North America,Supermarkets
Drug C,Company V,Syrup,100 mg/ml,100 ml,1793,3737.0,2023-11-29,Asia,Hospitals
Drug E,Company V,Cream,250 mg,50 g,1283,30409.0,2024-04-05,Africa,Hospitals
Drug A,Company Y,Cream,50 mg,10 ml,635,8357.0,2023-09-26,North America,Online Pharmacy
Drug B,Company W,Injection,50 mg,60,1700,25492.0,2024-05-03,Europe,Online Pharmacy
Drug B,Company Y,Capsule,50 mg,60,1428,22964.0,2023-12-23,Asia,Clinics
Drug B,Company Z,Syrup,50 mg,60,786,11656.0,2024-01-07,Africa,Pharmacy
Drug A,Company Z,Syrup,500 mg,60,973,3690.0,2024-05-01,Europe,Pharmacy
Drug C,Company Y,Cream,10 mg,50 g,1841,5308.0,2023-12-04,Europe,Pharmacy
Drug D,Company X,Injection,100 mg/ml,100 ml,852,21947.0,2024-03-17,South America,Supermarkets
Drug D,Company X,Capsule,10 mg,50 g,1005,20706.0,2023-12-13,Europe,Clinics
Drug E,Company Y,Syrup,500 mg,100 ml,1746,9959.0,2024-03-26,Europe,Clinics
Drug D,Company Y,Capsule,250 mg,30,1257,23476.0,2023-12-31,Asia,Supermarkets
Drug A,Company X,Tablet,10 mg,50 g,1082,35390.0,2024-03-30,Asia,Pharmacy
Drug C,Company Y,Injection,10 mg,50 g,428,3153.0,2024-02-07,South America,Online Pharmacy
Drug C,Company Y,Syrup,100 mg/ml,60,793,30051.0,2024-05-25,Asia,Hospitals
Drug A,Company V,Cream,100 mg/ml,60,140,31617.0,2023-10-22,Asia,Supermarkets
Drug B,Company Y,Injection,500 mg,30,862,42692.0,2024-05-02,Europe,Pharmacy
Drug B,Company V,Cream,250 mg,30,1888,35394.0,2023-08-18,Europe,Online Pharmacy
Drug E,Company X,Cream,100 mg/ml,50 g,1623,26804.0,2024-06-16,Africa,Clinics
Drug D,Company Z,Cream,500 mg,60,1641,7106.0,2023-08-10,Europe,Hospitals
Drug B,Company W,Cream,500 mg,60,622,30194.0,2024-03-09,North America,Hospitals
Drug E,Company V,Syrup,250 mg,50 g,1529,22974.0,2024-04-26,South America,Hospitals
Drug B,Company W,Tablet,10 mg,50 g,1868,14793.0,2024-06-22,South America,Hospitals
Drug A,Company X,Tablet,250 mg,30,421,11743.0,2024-04-24,Asia,Clinics
Drug B,Company Y,Injection,250 mg,50 g,1140,11932.0,2023-08-09,Africa,Hospitals
Drug B,Company V,Syrup,10 mg,100 ml,1689,48095.0,2024-01-31,South America,Hospitals
Drug B,Company Z,Syrup,10 mg,30,899,30188.0,2024-01-01,North America,Hospitals
Drug B,Company Z,Cream,250 mg,10 ml,1631,1499.0,2024-06-06,South America,Pharmacy
Drug B,Company Z,Cream,250 mg,50 g,319,13155.0,2024-05-13,Asia,Online Pharmacy
Drug C,Company W,Syrup,500 mg,10 ml,152,12327.0,2023-10-31,North America,Online Pharmacy
Drug C,Company W,Cream,250 mg,50 g,1283,2668.0,2024-05-13,South America,Clinics
Drug A,Company W,Injection,100 mg/ml,100 ml,1508,41269.0,2023-12-25,North America,Hospitals
Drug E,Company Y,Capsule,100 mg/ml,30,774,26648.0,2024-05-30,South America,Hospitals
Drug A,Company Z,Syrup,50 mg,30,255,47763.0,2024-03-30,Africa,Supermarkets
Drug D,Company Z,Tablet,10 mg,10 ml,1460,22865.0,2023-10-10,South America,Clinics
Drug B,Company W,Cream,100 mg/ml,30,879,6810.0,2024-04-13,Africa,Hospitals
Drug B,Company V,Injection,500 mg,50 g,634,15232.0,2024-07-20,Asia,Pharmacy
Drug C,Company X,Cream,500 mg,100 ml,1589,28963.0,2024-02-15,Africa,Pharmacy
Drug A,Company Z,Syrup,100 mg/ml,100 ml,288,10918.0,2023-11-21,Africa,Clinics
Drug C,Company V,Capsule,500 mg,50 g,161,15335.0,2024-07-15,South America,Online Pharmacy
Drug E,Company Y,Cream,500 mg,50 g,855,29393.0,2023-09-04,South America,Clinics
Drug E,Company Y,Syrup,10 mg,10 ml,488,48696.0,2023-12-13,Europe,Clinics
Drug C,Company W,Cream,50 mg,100 ml,1119,17664.0,2024-02-21,Africa,Hospitals
Drug D,Company V,Tablet,250 mg,30,105,10114.0,2023-09-28,Asia,Clinics
Drug D,Company X,Injection,100 mg/ml,100 ml,1425,49691.0,2023-11-22,Africa,Pharmacy
Drug B,Company Y,Syrup,100 mg/ml,10 ml,908,12202.0,2024-03-11,Europe,Hospitals
Drug C,Company Y,Cream,250 mg,30,1479,39296.0,2024-05-29,Africa,Pharmacy
Drug D,Company Y,Injection,10 mg,30,1271,24977.0,2023-11-03,Africa,Clinics
Drug B,Company Y,Capsule,50 mg,60,255,3422.0,2024-07-26,Europe,Hospitals
Drug B,Company Z,Injection,50 mg,100 ml,1258,40096.0,2024-01-24,North America,Clinics
Drug B,Company Z,Capsule,500 mg,100 ml,1633,49748.0,2023-08-02,South America,Supermarkets
Drug A,Company Z,Cream,10 mg,100 ml,115,42746.0,2024-06-27,South America,Clinics
Drug E,Company Z,Injection,500 mg,30,1666,31902.0,2024-01-05,South America,Pharmacy
Drug E,Company Y,Injection,10 mg,100 ml,1141,14925.0,2024-04-28,Africa,Hospitals
Drug A,Company X,Capsule,500 mg,50 g,684,49285.0,2024-02-26,Europe,Online Pharmacy
Drug C,Company W,Tablet,100 mg/ml,100 ml,125,27122.0,2023-08-25,Asia,Hospitals
Drug B,Company Y,Syrup,10 mg,100 ml,1257,9065.0,2024-02-13,South America,Online Pharmacy
Drug A,Company W,Syrup,250 mg,10 ml,512,38483.0,2023-11-29,Africa,Hospitals
Drug B,Company Z,Tablet,500 mg,60,1978,35271.0,2023-12-25,North America,Supermarkets
Drug B,Company Z,Syrup,50 mg,10 ml,452,27833.0,2023-11-01,Europe,Pharmacy
Drug C,Company Y,Cream,50 mg,100 ml,1464,13450.0,2023-10-04,North America,Hospitals
Drug E,Company V,Cream,100 mg/ml,60,1259,34258.0,2023-10-21,North America,Online Pharmacy
Drug B,Company Z,Injection,50 mg,10 ml,997,6288.0,2024-07-17,North America,Supermarkets
Drug A,Company V,Cream,50 mg,60,324,16995.0,2023-10-26,Europe,Pharmacy
Drug A,Company X,Syrup,10 mg,100 ml,153,48959.0,2024-05-31,Europe,Clinics
Drug E,Company Y,Cream,10 mg,50 g,1927,36009.0,2023-08-09,Africa,Hospitals
Drug B,Company X,Cream,100 mg/ml,60,463,7692.0,2023-07-30,Africa,Clinics
Drug B,Company V,Capsule,10 mg,30,1767,37875.0,2024-01-28,Europe,Clinics
Drug D,Company W,Injection,250 mg,100 ml,1906,37464.0,2023-08-04,Asia,Pharmacy
Drug C,Company X,Tablet,100 mg/ml,30,1155,27188.0,2023-09-19,Africa,Online Pharmacy
Drug B,Company X,Capsule,50 mg,100 ml,752,2969.0,2024-05-01,North America,Online Pharmacy
Drug A,Company W,Injection,10 mg,30,1723,43091.0,2023-08-17,Africa,Hospitals
Drug C,Company Z,Capsule,100 mg/ml,60,1337,22675.0,2023-08-05,Africa,Clinics
Drug D,Company Y,Capsule,50 mg,60,1430,41328.0,2023-08-06,South America,Supermarkets
Drug A,Company Y,Capsule,50 mg,100 ml,1184,27895.0,2024-04-29,South America,Clinics
Drug E,Company Y,Syrup,10 mg,30,506,17762.0,2024-06-20,Asia,Pharmacy
Drug D,Company Z,Capsule,500 mg,10 ml,1085,1367.0,2024-03-05,Africa,Pharmacy
Drug C,Company V,Injection,50 mg,10 ml,1151,23237.0,2024-03-28,Europe,Hospitals
Drug C,Company Z,Capsule,250 mg,100 ml,157,17373.0,2024-04-06,North America,Clinics
Drug D,Company W,Injection,500 mg,10 ml,1665,49986.0,2023-08-29,North America,Online Pharmacy
Drug D,Company Y,Cream,50 mg,30,206,35133.0,2024-03-15,Africa,Hospitals
Drug C,Company V,Tablet,100 mg/ml,30,1348,37823.0,2024-06-24,Africa,Supermarkets
Drug D,Company V,Tablet,500 mg,60,1397,45903.0,2023-10-26,Asia,Clinics
Drug B,Company V,Tablet,50 mg,100 ml,1514,24056.0,2024-04-16,Europe,Clinics
Drug B,Company V,Tablet,50 mg,30,160,14104.0,2023-10-30,North America,Clinics
Drug C,Company V,Injection,500 mg,60,1386,21572.0,2024-02-04,Asia,Hospitals
Drug C,Company Y,Cream,500 mg,60,348,3487.0,2024-03-05,Africa,Pharmacy
Drug D,Company W,Capsule,10 mg,50 g,1100,3858.0,2024-04-17,Asia,Hospitals
Drug C,Company Y,Capsule,100 mg/ml,60,514,39240.0,2023-11-11,Africa,Supermarkets
Drug B,Company W,Syrup,100 mg/ml,100 ml,1752,38068.0,2023-12-29,North America,Online Pharmacy
Drug A,Company W,Cream,100 mg/ml,10 ml,358,13438.0,2024-03-13,Europe,Supermarkets
Drug A,Company Y,Capsule,500 mg,10 ml,506,28350.0,2024-04-10,Asia,Supermarkets
Drug E,Company Y,Tablet,100 mg/ml,100 ml,1938,28072.0,2024-07-12,Asia,Online Pharmacy
Drug B,Company V,Capsule,500 mg,10 ml,794,29529.0,2023-11-26,North America,Clinics
Drug A,Company X,Injection,500 mg,10 ml,483,26712.0,2023-12-22,North America,Pharmacy
Drug D,Company V,Cream,100 mg/ml,50 g,1884,23635.0,2024-05-11,Asia,Supermarkets
Drug D,Company Y,Cream,50 mg,10 ml,735,40658.0,2023-10-12,Africa,Online Pharmacy
Drug B,Company V,Syrup,100 mg/ml,50 g,274,30681.0,2024-05-19,Asia,Supermarkets
Drug C,Company V,Tablet,500 mg,50 g,1805,40381.0,2024-04-10,North America,Hospitals
Drug B,Company Y,Capsule,10 mg,50 g,873,28594.0,2024-02-10,Europe,Clinics
Drug A,Company W,Syrup,500 mg,100 ml,132,44778.0,2024-04-18,Asia,Hospitals
Drug A,Company W,Tablet,250 mg,50 g,1420,14853.0,2024-01-23,Europe,Supermarkets
Drug A,Company W,Injection,100 mg/ml,50 g,1683,29645.0,2023-10-03,Europe,Online Pharmacy
Drug E,Company Y,Injection,250 mg,60,1143,43589.0,2024-04-25,Asia,Supermarkets
Drug B,Company Z,Cream,500 mg,30,223,2979.0,2024-05-04,Europe,Clinics
Drug C,Company X,Syrup,10 mg,60,1324,4688.0,2023-10-06,Asia,Clinics
Drug E,Company V,Injection,250 mg,100 ml,194,24534.0,2024-04-03,Europe,Online Pharmacy
Drug C,Company Y,Tablet,10 mg,60,661,23684.0,2024-01-20,Africa,Online Pharmacy
Drug B,Company Y,Tablet,10 mg,50 g,751,19968.0,2024-03-16,South America,Pharmacy
Drug B,Company V,Cream,250 mg,100 ml,1257,23292.0,2024-07-26,North America,Pharmacy
Drug D,Company V,Injection,500 mg,60,302,13102.0,2024-01-10,Africa,Online Pharmacy
Drug D,Company Y,Capsule,500 mg,100 ml,952,24617.0,2024-06-05,North America,Pharmacy
Drug A,Company X,Capsule,10 mg,100 ml,507,10837.0,2023-12-09,Asia,Online Pharmacy
Drug B,Company V,Cream,10 mg,50 g,1325,29008.0,2023-09-18,South America,Clinics
Drug B,Company V,Tablet,10 mg,50 g,970,30738.0,2024-05-27,Africa,Pharmacy
Drug E,Company W,Capsule,500 mg,50 g,1034,9255.0,2024-03-17,Asia,Supermarkets
Drug E,Company Z,Capsule,100 mg/ml,100 ml,1127,3828.0,2024-06-24,South America,Hospitals
Drug E,Company Z,Syrup,250 mg,30,347,46219.0,2024-05-09,Africa,Pharmacy
Drug C,Company Y,Syrup,10 mg,50 g,1032,37678.0,2024-01-20,North America,Clinics
Drug B,Company Z,Tablet,50 mg,30,1105,35389.0,2023-11-23,Asia,Pharmacy
Drug B,Company V,Syrup,250 mg,100 ml,107,11533.0,2024-01-26,South America,Online Pharmacy
Drug E,Company Z,Cream,100 mg/ml,60,585,37206.0,2024-02-18,North America,Online Pharmacy
Drug E,Company X,Tablet,500 mg,30,1915,6442.0,2024-05-16,South America,Online Pharmacy
Drug B,Company W,Cream,250 mg,100 ml,1228,47317.0,2024-05-12,Europe,Pharmacy
Drug D,Company X,Injection,10 mg,60,728,17927.0,2024-07-08,North America,Online Pharmacy
Drug C,Company X,Injection,50 mg,100 ml,938,49452.0,2023-12-20,Europe,Hospitals
Drug B,Company W,Injection,100 mg/ml,50 g,1140,37493.0,2023-09-01,North America,Hospitals
Drug D,Company V,Cream,250 mg,10 ml,493,37610.0,2023-09-21,Europe,Hospitals
Drug D,Company Y,Syrup,250 mg,10 ml,1358,3735.0,2024-07-09,Europe,Clinics
Drug A,Company Z,Cream,500 mg,50 g,269,43198.0,2023-10-10,Asia,Pharmacy
Drug B,Company X,Cream,250 mg,30,201,24265.0,2023-10-17,Asia,Online Pharmacy
Drug E,Company Y,Cream,50 mg,30,1918,16223.0,2024-02-28,Asia,Hospitals
Drug D,Company W,Injection,100 mg/ml,60,1337,12997.0,2024-06-26,Europe,Supermarkets
Drug D,Company X,Syrup,100 mg/ml,100 ml,483,25162.0,2023-07-31,Africa,Supermarkets
Drug A,Company Y,Injection,500 mg,50 g,105,31985.0,2024-07-17,South America,Supermarkets
Drug E,Company V,Cream,50 mg,60,1760,24924.0,2023-11-27,Europe,Online Pharmacy
Drug A,Company X,Cream,10 mg,60,835,35184.0,2024-07-16,North America,Supermarkets
Drug B,Company Y,Injection,50 mg,10 ml,122,7349.0,2024-01-19,Europe,Pharmacy
Drug C,Company Y,Syrup,250 mg,30,1415,41330.0,2024-05-05,Europe,Pharmacy
Drug E,Company W,Tablet,100 mg/ml,50 g,1993,5212.0,2024-03-04,Africa,Clinics
Drug E,Company X,Tablet,500 mg,50 g,958,15537.0,2024-05-03,North America,Clinics
Drug A,Company W,Injection,50 mg,10 ml,1616,15777.0,2023-08-10,North America,Clinics
Drug E,Company W,Syrup,100 mg/ml,50 g,922,32819.0,2024-01-24,Europe,Pharmacy
Drug B,Company W,Cream,10 mg,30,580,41566.0,2024-06-23,Africa,Hospitals
Drug B,Company X,Tablet,250 mg,100 ml,561,42268.0,2024-05-12,Asia,Supermarkets
Drug C,Company W,Capsule,50 mg,30,1709,28361.0,2024-05-04,South America,Pharmacy
Drug C,Company Y,Tablet,500 mg,50 g,1662,43524.0,2024-04-22,Europe,Pharmacy
Drug D,Company X,Syrup,500 mg,30,643,42567.0,2023-11-07,South America,Hospitals
Drug A,Company X,Capsule,100 mg/ml,10 ml,1618,11577.0,2024-07-05,North America,Online Pharmacy
Drug B,Company W,Cream,500 mg,60,1616,21763.0,2024-07-15,Europe,Clinics
Drug B,Company X,Injection,50 mg,60,1817,36872.0,2024-06-11,North America,Hospitals
Drug D,Company Z,Syrup,10 mg,100 ml,280,29505.0,2023-07-29,North America,Supermarkets
Drug C,Company W,Cream,100 mg/ml,10 ml,519,3961.0,2023-10-01,North America,Online Pharmacy
Drug C,Company W,Capsule,250 mg,10 ml,1355,9822.0,2023-10-05,Africa,Clinics
Drug D,Company V,Cream,500 mg,100 ml,1289,40553.0,2024-07-28,Europe,Hospitals
Drug D,Company Y,Injection,10 mg,60,1578,18160.0,2023-12-03,Asia,Pharmacy
Drug D,Company Z,Cream,10 mg,100 ml,854,45168.0,2024-05-16,North America,Pharmacy
Drug C,Company X,Injection,250 mg,30,1875,19837.0,2023-10-11,South America,Clinics
Drug C,Company Z,Cream,250 mg,50 g,1105,16306.0,2024-04-03,South America,Pharmacy
Drug B,Company Z,Cream,50 mg,100 ml,503,28974.0,2024-04-01,South America,Pharmacy
Drug E,Company V,Syrup,50 mg,60,1354,28539.0,2024-06-21,North America,Clinics
Drug C,Company V,Tablet,10 mg,100 ml,1716,40609.0,2024-04-01,Asia,Supermarkets
Drug B,Company V,Tablet,250 mg,50 g,1268,38392.0,2024-06-29,North America,Pharmacy
Drug B,Company Z,Tablet,500 mg,60,716,38994.0,2024-02-04,South America,Pharmacy
Drug E,Company W,Tablet,250 mg,50 g,1467,18147.0,2024-06-25,Asia,Online Pharmacy
Drug B,Company X,Cream,250 mg,30,501,8312.0,2023-11-01,Asia,Supermarkets
Drug B,Company V,Cream,250 mg,30,1127,29324.0,2024-07-02,North America,Hospitals
Drug E,Company Y,Syrup,10 mg,10 ml,814,22816.0,2023-12-16,Asia,Clinics
Drug D,Company W,Cream,10 mg,10 ml,1056,4782.0,2023-10-07,Africa,Hospitals
Drug D,Company X,Injection,10 mg,50 g,130,3639.0,2023-12-27,Africa,Hospitals
Drug D,Company W,Tablet,500 mg,50 g,760,16495.0,2024-03-30,Asia,Supermarkets
Drug E,Company X,Tablet,250 mg,10 ml,961,47213.0,2024-06-07,Africa,Online Pharmacy
Drug D,Company X,Cream,100 mg/ml,10 ml,1410,27514.0,2023-10-31,South America,Pharmacy
Drug C,Company X,Tablet,50 mg,60,1446,22233.0,2023-11-30,Europe,Supermarkets
Drug B,Company W,Syrup,500 mg,30,1694,17518.0,2024-01-12,Africa,Hospitals
Drug C,Company Y,Capsule,10 mg,10 ml,1834,5964.0,2024-03-02,South America,Pharmacy
Drug E,Company V,Capsule,250 mg,100 ml,737,33901.0,2024-07-04,North America,Hospitals
Drug A,Company V,Tablet,500 mg,100 ml,1027,9819.0,2024-05-22,Europe,Hospitals
Drug C,Company W,Tablet,500 mg,50 g,1000,34947.0,2023-10-18,South America,Online Pharmacy
Drug B,Company V,Capsule,250 mg,60,1732,43643.0,2024-06-15,Africa,Clinics
Drug E,Company Z,Cream,250 mg,30,1686,38320.0,2024-01-11,Europe,Clinics
Drug C,Company Z,Tablet,50 mg,10 ml,1880,13397.0,2024-01-08,South America,Supermarkets
Drug C,Company V,Cream,10 mg,100 ml,363,3071.0,2024-03-15,Asia,Online Pharmacy
Drug E,Company W,Capsule,10 mg,10 ml,152,27219.0,2024-02-28,North America,Hospitals
Drug D,Company X,Capsule,50 mg,50 g,1989,39898.0,2023-08-05,Europe,Online Pharmacy
Drug C,Company Z,Cream,100 mg/ml,30,729,17817.0,2024-03-16,North America,Pharmacy
Drug E,Company X,Injection,100 mg/ml,50 g,828,3572.0,2024-01-08,North America,Supermarkets
Drug E,Company Z,Cream,10 mg,60,984,43213.0,2023-07-31,North America,Online Pharmacy
Drug E,Company Z,Syrup,10 mg,10 ml,1911,40843.0,2024-01-19,Asia,Supermarkets
Drug E,Company W,Cream,10 mg,30,846,18094.0,2024-05-02,Asia,Online Pharmacy
Drug D,Company X,Injection,10 mg,100 ml,415,30785.0,2024-05-24,Africa,Hospitals
Drug D,Company V,Cream,10 mg,100 ml,1507,32408.0,2024-02-02,Asia,Clinics
Drug B,Company V,Injection,500 mg,50 g,889,4285.0,2024-05-06,South America,Clinics
Drug A,Company V,Tablet,50 mg,30,983,39307.0,2024-01-26,South America,Online Pharmacy
Drug E,Company Y,Syrup,100 mg/ml,60,743,38388.0,2024-07-04,North America,Hospitals
Drug D,Company V,Capsule,250 mg,30,255,27581.0,2024-06-05,South America,Online Pharmacy
Drug D,Company Y,Syrup,50 mg,30,965,12117.0,2023-08-30,Asia,Pharmacy
Drug E,Company X,Capsule,50 mg,10 ml,254,2928.0,2023-08-19,North America,Pharmacy
Drug E,Company V,Injection,100 mg/ml,60,1006,35619.0,2023-12-06,South America,Pharmacy
Drug E,Company X,Tablet,250 mg,10 ml,578,21030.0,2024-02-13,North America,Clinics
Drug E,Company W,Capsule,100 mg/ml,100 ml,1284,40997.0,2023-07-29,North America,Online Pharmacy
Drug C,Company V,Capsule,10 mg,100 ml,1832,22662.0,2024-07-11,Africa,Supermarkets
Drug C,Company Z,Capsule,250 mg,60,698,42700.0,2023-08-30,Europe,Pharmacy
Drug D,Company W,Injection,50 mg,100 ml,174,28115.0,2023-09-08,Africa,Hospitals
Drug D,Company Z,Cream,250 mg,100 ml,247,2564.0,2024-04-30,North America,Pharmacy
Drug B,Company V,Capsule,500 mg,10 ml,1585,22796.0,2024-04-22,Europe,Pharmacy
Drug E,Company Y,Tablet,50 mg,50 g,1212,30821.0,2024-02-05,South America,Supermarkets
Drug E,Company Y,Syrup,100 mg/ml,100 ml,1322,41761.0,2024-05-15,South America,Pharmacy
Drug D,Company X,Cream,50 mg,60,1258,22547.0,2023-08-30,Europe,Hospitals
Drug E,Company V,Cream,50 mg,10 ml,1589,28938.0,2023-11-24,South America,Hospitals
Drug B,Company V,Tablet,500 mg,10 ml,908,44347.0,2023-11-24,Asia,Hospitals
Drug E,Company Y,Injection,100 mg/ml,60,888,22714.0,2024-01-04,Asia,Pharmacy
Drug B,Company Y,Cream,250 mg,60,1591,6484.0,2023-09-11,Asia,Clinics
Drug B,Company Y,Syrup,50 mg,50 g,1266,27371.0,2023-12-05,North America,Clinics
Drug C,Company V,Capsule,10 mg,30,1335,1534.0,2024-07-07,Europe,Pharmacy
Drug D,Company Y,Tablet,10 mg,30,790,9353.0,2024-01-23,Europe,Clinics
Drug C,Company W,Tablet,100 mg/ml,10 ml,408,31302.0,2024-02-24,South America,Clinics
Drug A,Company W,Injection,250 mg,50 g,1613,49778.0,2023-11-24,South America,Clinics
Drug B,Company V,Capsule,500 mg,50 g,1046,41599.0,2023-08-23,South America,Online Pharmacy
Drug A,Company W,Syrup,250 mg,60,769,38634.0,2024-05-08,Asia,Clinics
Drug D,Company Y,Tablet,250 mg,30,1661,40534.0,2024-01-01,Europe,Hospitals
Drug D,Company Z,Injection,50 mg,100 ml,1541,36377.0,2023-08-14,South America,Online Pharmacy
Drug C,Company Z,Injection,250 mg,50 g,286,30863.0,2023-09-09,Europe,Online Pharmacy
Drug C,Company X,Cream,100 mg/ml,100 ml,1432,43247.0,2024-06-21,Africa,Supermarkets
Drug E,Company V,Tablet,500 mg,50 g,249,21795.0,2023-09-20,Asia,Hospitals
Drug B,Company W,Cream,10 mg,30,1441,15841.0,2023-08-11,Africa,Supermarkets
Drug B,Company X,Syrup,500 mg,30,1951,18265.0,2024-06-02,Africa,Hospitals
Drug B,Company Y,Cream,500 mg,100 ml,1017,10342.0,2024-07-02,North America,Hospitals
Drug A,Company W,Syrup,250 mg,60,1287,45058.0,2024-02-08,North America,Supermarkets
Drug B,Company Z,Tablet,10 mg,100 ml,1236,48538.0,2024-07-02,South America,Supermarkets
Drug E,Company Y,Capsule,10 mg,10 ml,1368,6205.0,2024-03-18,North America,Online Pharmacy
Drug A,Company V,Capsule,100 mg/ml,100 ml,936,10109.0,2024-03-24,Asia,Pharmacy
Drug C,Company V,Injection,500 mg,60,676,37726.0,2023-12-24,Asia,Clinics
Drug E,Company Y,Injection,100 mg/ml,30,338,11276.0,2023-09-08,Africa,Supermarkets
Drug A,Company W,Capsule,500 mg,50 g,1131,33794.0,2024-01-30,Asia,Supermarkets
Drug B,Company V,Cream,10 mg,100 ml,1415,40903.0,2023-07-29,South America,Pharmacy
Drug C,Company Y,Capsule,250 mg,50 g,1737,27260.0,2024-01-19,North America,Hospitals
Drug E,Company X,Syrup,50 mg,100 ml,689,19199.0,2024-02-06,Africa,Supermarkets
Drug D,Company W,Tablet,250 mg,30,961,17111.0,2024-01-02,Europe,Clinics
Drug E,Company W,Tablet,250 mg,100 ml,523,39012.0,2024-02-29,Africa,Online Pharmacy
Drug C,Company W,Cream,100 mg/ml,100 ml,124,17741.0,2023-11-01,North America,Hospitals
Drug B,Company Z,Injection,50 mg,100 ml,1579,29112.0,2023-10-10,Asia,Online Pharmacy
Drug D,Company V,Injection,10 mg,30,465,47839.0,2024-03-10,Europe,Pharmacy
Drug B,Company V,Tablet,500 mg,50 g,106,16139.0,2024-04-30,Europe,Clinics
Drug D,Company W,Cream,10 mg,100 ml,129,33103.0,2023-12-12,Asia,Pharmacy
Drug C,Company V,Injection,100 mg/ml,30,179,44121.0,2023-09-07,Asia,Hospitals
Drug A,Company X,Capsule,500 mg,30,509,10346.0,2024-03-18,Africa,Pharmacy
Drug A,Company Y,Injection,10 mg,60,1543,28043.0,2024-03-16,South America,Supermarkets
Drug C,Company V,Cream,250 mg,100 ml,517,39197.0,2024-01-03,South America,Hospitals
Drug E,Company X,Syrup,50 mg,60,938,27950.0,2024-01-13,Asia,Clinics
Drug B,Company Z,Tablet,50 mg,60,1468,33405.0,2024-05-07,Europe,Pharmacy
Drug E,Company Z,Tablet,100 mg/ml,100 ml,1397,14728.0,2024-02-28,Africa,Online Pharmacy
Drug D,Company W,Cream,250 mg,10 ml,230,44042.0,2024-01-02,North America,Online Pharmacy
Drug D,Company W,Tablet,100 mg/ml,60,498,26954.0,2023-08-27,North America,Online Pharmacy
Drug C,Company Z,Cream,50 mg,100 ml,1501,49128.0,2023-10-31,South America,Supermarkets
Drug B,Company X,Syrup,50 mg,30,190,40850.0,2024-01-09,Asia,Supermarkets
Drug E,Company Y,Injection,10 mg,30,1984,49839.0,2023-12-03,Europe,Clinics
Drug D,Company Y,Capsule,500 mg,50 g,1919,29695.0,2024-01-14,South America,Online Pharmacy
Drug B,Company Z,Capsule,500 mg,10 ml,655,8141.0,2024-06-15,Asia,Pharmacy
Drug D,Company W,Cream,100 mg/ml,30,935,46285.0,2023-09-21,Asia,Supermarkets
Drug E,Company W,Cream,50 mg,30,1565,13345.0,2024-01-10,Africa,Online Pharmacy
Drug B,Company Y,Tablet,100 mg/ml,50 g,769,24713.0,2023-08-27,Europe,Supermarkets
Drug E,Company V,Capsule,250 mg,10 ml,1624,13764.0,2023-09-11,Africa,Supermarkets
Drug A,Company W,Syrup,50 mg,60,676,35872.0,2024-05-29,Europe,Online Pharmacy
Drug A,Company Y,Syrup,50 mg,50 g,906,12431.0,2024-03-01,North America,Clinics
Drug A,Company Y,Cream,50 mg,10 ml,1870,4688.0,2024-03-15,South America,Pharmacy
Drug A,Company W,Capsule,100 mg/ml,50 g,1810,27443.0,2023-08-13,Europe,Pharmacy
Drug B,Company X,Capsule,10 mg,60,427,8379.0,2024-04-14,North America,Clinics
Drug D,Company X,Injection,50 mg,100 ml,1340,32355.0,2024-02-21,North America,Pharmacy
Drug C,Company V,Cream,50 mg,60,1084,40033.0,2023-12-19,North America,Clinics
Drug C,Company W,Capsule,500 mg,60,1441,5001.0,2024-02-16,Africa,Online Pharmacy
Drug E,Company X,Cream,500 mg,100 ml,1440,35398.0,2024-07-28,South America,Pharmacy
Drug A,Company Z,Syrup,100 mg/ml,100 ml,891,27927.0,2023-10-12,North America,Clinics
Drug A,Company X,Cream,100 mg/ml,30,1718,27940.0,2023-09-06,Africa,Clinics
Drug D,Company X,Cream,50 mg,50 g,1367,45734.0,2024-01-16,South America,Pharmacy
Drug A,Company Y,Injection,100 mg/ml,100 ml,1899,19924.0,2023-09-17,Asia,Clinics
Drug E,Company Y,Tablet,500 mg,100 ml,824,49294.0,2023-12-23,North America,Clinics
Drug A,Company W,Cream,250 mg,100 ml,1964,33741.0,2024-07-21,North America,Online Pharmacy
Drug B,Company W,Tablet,50 mg,50 g,1091,46316.0,2024-04-21,Asia,Clinics
Drug A,Company Z,Tablet,100 mg/ml,10 ml,247,35441.0,2023-10-07,South America,Online Pharmacy
Drug D,Company V,Capsule,100 mg/ml,60,1598,4074.0,2023-08-18,Europe,Hospitals
Drug A,Company X,Capsule,50 mg,50 g,679,22164.0,2023-11-12,Africa,Pharmacy
Drug E,Company V,Injection,250 mg,30,1521,35865.0,2024-02-22,Europe,Clinics
Drug C,Company W,Tablet,250 mg,60,347,25965.0,2024-05-10,Africa,Clinics
Drug A,Company Y,Injection,10 mg,100 ml,740,37678.0,2024-06-30,Asia,Clinics
Drug B,Company V,Tablet,100 mg/ml,60,872,10189.0,2024-03-11,Asia,Online Pharmacy
Drug E,Company Y,Cream,10 mg,10 ml,449,18843.0,2024-04-24,South America,Pharmacy
Drug B,Company Z,Syrup,500 mg,100 ml,1835,37032.0,2024-06-25,South America,Clinics
Drug B,Company Y,Cream,10 mg,30,413,38333.0,2024-06-13,Europe,Clinics
Drug D,Company V,Syrup,500 mg,30,913,42870.0,2023-09-17,North America,Clinics
Drug C,Company Z,Cream,250 mg,100 ml,1075,45857.0,2024-03-04,Asia,Supermarkets
Drug D,Company X,Syrup,10 mg,30,1600,21517.0,2024-06-22,South America,Hospitals
Drug B,Company W,Injection,250 mg,10 ml,576,40961.0,2023-12-19,Asia,Supermarkets
Drug A,Company V,Syrup,100 mg/ml,30,1265,32484.0,2023-12-13,Africa,Pharmacy
Drug A,Company V,Cream,100 mg/ml,10 ml,529,6114.0,2024-06-30,Africa,Pharmacy
Drug A,Company V,Syrup,500 mg,100 ml,424,36660.0,2023-11-15,North America,Pharmacy
Drug A,Company Z,Injection,50 mg,60,1902,4193.0,2024-02-18,Asia,Online Pharmacy
Drug A,Company W,Injection,100 mg/ml,60,1560,33167.0,2024-01-05,Asia,Pharmacy
Drug E,Company Z,Capsule,10 mg,60,375,13847.0,2023-09-11,South America,Clinics
Drug C,Company X,Cream,10 mg,10 ml,1663,47873.0,2024-04-12,North America,Clinics
Drug D,Company W,Cream,100 mg/ml,100 ml,997,34888.0,2024-04-24,Europe,Online Pharmacy
Drug A,Company W,Tablet,10 mg,60,1718,35098.0,2023-11-09,South America,Pharmacy
Drug E,Company Y,Injection,250 mg,10 ml,324,15547.0,2024-02-14,South America,Supermarkets
Drug A,Company W,Tablet,500 mg,60,1929,15465.0,2024-07-18,Asia,Clinics
Drug D,Company Z,Injection,100 mg/ml,10 ml,1206,44930.0,2024-02-04,Africa,Online Pharmacy
Drug D,Company X,Capsule,10 mg,60,1937,16796.0,2024-01-18,Europe,Hospitals
Drug D,Company Z,Cream,50 mg,100 ml,1705,9606.0,2023-11-30,Asia,Supermarkets
Drug C,Company X,Cream,250 mg,100 ml,938,21278.0,2023-07-29,South America,Pharmacy
Drug B,Company V,Tablet,50 mg,100 ml,1566,25494.0,2023-08-29,South America,Online Pharmacy
Drug D,Company X,Injection,50 mg,30,1644,23908.0,2023-12-26,South America,Supermarkets
Drug B,Company V,Injection,10 mg,30,765,37749.0,2023-11-13,South America,Pharmacy
Drug D,Company Z,Syrup,100 mg/ml,50 g,946,40826.0,2024-01-05,South America,Clinics
Drug D,Company V,Syrup,250 mg,60,399,2187.0,2024-03-15,Asia,Clinics
Drug A,Company W,Cream,250 mg,60,1193,37828.0,2023-12-29,Africa,Pharmacy
Drug D,Company Y,Capsule,10 mg,100 ml,187,42709.0,2024-04-05,North America,Hospitals
Drug B,Company Y,Syrup,10 mg,10 ml,1360,35945.0,2023-09-08,Africa,Pharmacy
Drug B,Company W,Injection,250 mg,60,872,22950.0,2024-02-11,Europe,Supermarkets
Drug B,Company X,Tablet,50 mg,100 ml,537,44378.0,2023-09-21,Africa,Online Pharmacy
Drug E,Company Y,Cream,100 mg/ml,50 g,696,49562.0,2024-02-20,South America,Online Pharmacy
Drug A,Company Y,Cream,50 mg,60,357,35849.0,2024-05-06,North America,Online Pharmacy
Drug B,Company V,Syrup,250 mg,100 ml,1179,43406.0,2023-12-25,Africa,Hospitals
Drug B,Company W,Capsule,100 mg/ml,10 ml,1352,41492.0,2024-03-22,South America,Hospitals
Drug B,Company Z,Tablet,250 mg,100 ml,1691,17378.0,2024-05-27,South America,Clinics
Drug E,Company W,Capsule,50 mg,10 ml,680,37383.0,2023-09-22,North America,Supermarkets
Drug E,Company Y,Syrup,50 mg,50 g,971,22075.0,2023-11-18,Europe,Pharmacy
Drug E,Company Y,Tablet,50 mg,50 g,1321,26875.0,2024-04-28,South America,Clinics
Drug D,Company Z,Capsule,500 mg,100 ml,1134,12807.0,2023-09-27,North America,Pharmacy
Drug B,Company W,Injection,500 mg,100 ml,163,36531.0,2024-04-13,North America,Online Pharmacy
Drug C,Company V,Injection,250 mg,10 ml,641,19362.0,2023-08-24,Asia,Pharmacy
Drug C,Company X,Injection,100 mg/ml,100 ml,1114,46343.0,2024-02-29,North America,Hospitals
Drug A,Company X,Tablet,500 mg,100 ml,1128,25909.0,2023-08-23,North America,Clinics
Drug B,Company X,Syrup,100 mg/ml,100 ml,455,19258.0,2023-12-24,North America,Clinics
Drug C,Company Z,Capsule,50 mg,10 ml,1660,1292.0,2023-12-25,North America,Clinics
Drug C,Company X,Tablet,100 mg/ml,50 g,582,6514.0,2024-06-06,South America,Supermarkets
Drug A,Company W,Injection,100 mg/ml,60,716,7865.0,2023-10-13,North America,Hospitals
Drug E,Company X,Syrup,500 mg,50 g,200,15045.0,2024-06-20,Europe,Supermarkets
Drug E,Company Y,Capsule,500 mg,30,151,13928.0,2024-01-15,Europe,Pharmacy
Drug D,Company Z,Injection,500 mg,60,1084,10084.0,2023-10-26,North America,Online Pharmacy
Drug C,Company V,Injection,250 mg,60,369,27023.0,2024-07-05,South America,Clinics
Drug C,Company Y,Tablet,500 mg,30,1689,42571.0,2023-09-02,North America,Online Pharmacy
Drug D,Company Z,Capsule,250 mg,30,1435,33459.0,2023-11-13,North America,Hospitals
Drug E,Company Z,Injection,50 mg,50 g,433,5852.0,2023-11-19,Asia,Supermarkets
Drug A,Company Z,Cream,500 mg,50 g,425,30089.0,2024-02-25,South America,Pharmacy
Drug C,Company V,Tablet,50 mg,60,1331,23249.0,2024-07-18,Europe,Clinics
Drug D,Company Y,Tablet,500 mg,50 g,700,14747.0,2023-09-21,Asia,Online Pharmacy
Drug A,Company Z,Capsule,250 mg,60,1290,26612.0,2023-08-04,Africa,Hospitals
Drug C,Company X,Tablet,10 mg,30,1697,22505.0,2023-12-15,Asia,Clinics
Drug B,Company Y,Capsule,50 mg,60,1435,12698.0,2024-01-28,Asia,Supermarkets
Drug C,Company Y,Tablet,250 mg,50 g,676,37974.0,2024-03-13,Asia,Supermarkets
Drug E,Company V,Tablet,500 mg,10 ml,1529,37893.0,2024-05-26,Europe,Clinics
Drug C,Company V,Capsule,10 mg,10 ml,1904,47774.0,2024-06-13,Africa,Pharmacy
Drug D,Company Y,Injection,100 mg/ml,60,274,36990.0,2024-02-18,Europe,Supermarkets
Drug B,Company Z,Cream,50 mg,10 ml,974,13263.0,2024-07-12,Asia,Clinics
Drug C,Company Y,Syrup,100 mg/ml,30,1169,30037.0,2024-04-17,Asia,Online Pharmacy
Drug C,Company Y,Capsule,500 mg,10 ml,1922,30322.0,2023-10-23,Asia,Supermarkets
Drug B,Company V,Syrup,100 mg/ml,60,1656,2052.0,2024-07-19,Europe,Hospitals
Drug D,Company V,Tablet,500 mg,30,999,1790.0,2024-06-11,Europe,Pharmacy
Drug D,Company Y,Cream,500 mg,10 ml,1027,5568.0,2024-03-17,Europe,Online Pharmacy
Drug C,Company Z,Tablet,250 mg,100 ml,202,35739.0,2024-03-19,Asia,Supermarkets
Drug C,Company Y,Capsule,100 mg/ml,100 ml,868,39318.0,2024-03-05,North America,Supermarkets
Drug C,Company Z,Cream,100 mg/ml,30,783,7230.0,2023-08-07,North America,Pharmacy
Drug A,Company Y,Tablet,100 mg/ml,60,624,39173.0,2024-03-27,Europe,Pharmacy
Drug A,Company Z,Tablet,50 mg,30,144,31678.0,2024-02-02,South America,Online Pharmacy
Drug B,Company X,Injection,50 mg,10 ml,1705,3950.0,2024-02-02,North America,Pharmacy
Drug A,Company Y,Injection,50 mg,100 ml,1435,11503.0,2024-01-29,North America,Pharmacy
Drug D,Company Y,Tablet,50 mg,50 g,1882,23935.0,2023-10-16,North America,Clinics
Drug C,Company W,Injection,100 mg/ml,100 ml,1018,42507.0,2024-07-13,Europe,Hospitals
Drug E,Company V,Capsule,500 mg,100 ml,1895,40085.0,2023-10-19,North America,Hospitals
Drug C,Company X,Cream,250 mg,50 g,634,27518.0,2023-08-31,South America,Pharmacy
Drug B,Company Z,Capsule,100 mg/ml,50 g,598,44610.0,2023-08-01,North America,Supermarkets
Drug A,Company Y,Injection,50 mg,60,1619,35793.0,2024-07-15,North America,Online Pharmacy
Drug B,Company X,Syrup,100 mg/ml,100 ml,359,36979.0,2023-12-06,North America,Clinics
Drug E,Company Y,Cream,50 mg,100 ml,1502,12221.0,2023-11-24,Europe,Clinics
Drug C,Company W,Tablet,250 mg,30,1552,11238.0,2024-04-26,Asia,Online Pharmacy
Drug C,Company W,Capsule,50 mg,10 ml,1152,39119.0,2024-04-26,North America,Clinics
Drug A,Company X,Syrup,100 mg/ml,60,996,46219.0,2023-08-06,Africa,Pharmacy
